continent_code,date,cases,deaths
AF,2020-01-03,0,0
AF,2020-01-04,0,0
AF,2020-01-05,0,0
AF,2020-01-06,0,0
AF,2020-01-07,0,0
AF,2020-01-08,0,0
AF,2020-01-09,0,0
AF,2020-01-10,0,0
AF,2020-01-11,0,0
AF,2020-01-12,0,0
AF,2020-01-13,0,0
AF,2020-01-14,0,0
AF,2020-01-15,0,0
AF,2020-01-16,0,0
AF,2020-01-17,0,0
AF,2020-01-18,0,0
AF,2020-01-19,0,0
AF,2020-01-20,0,0
AF,2020-01-21,0,0
AF,2020-01-22,0,0
AF,2020-01-23,0,0
AF,2020-01-24,0,0
AF,2020-01-25,0,0
AF,2020-01-26,0,0
AF,2020-01-27,0,0
AF,2020-01-28,0,0
AF,2020-01-29,0,0
AF,2020-01-30,0,0
AF,2020-01-31,0,0
AF,2020-02-01,0,0
AF,2020-02-02,0,0
AF,2020-02-03,0,0
AF,2020-02-04,0,0
AF,2020-02-05,0,0
AF,2020-02-06,0,0
AF,2020-02-07,0,0
AF,2020-02-08,0,0
AF,2020-02-09,0,0
AF,2020-02-10,0,0
AF,2020-02-11,0,0
AF,2020-02-12,0,0
AF,2020-02-13,0,0
AF,2020-02-14,5,0
AF,2020-02-15,5,0
AF,2020-02-16,5,0
AF,2020-02-17,5,0
AF,2020-02-18,5,0
AF,2020-02-19,5,0
AF,2020-02-20,5,0
AF,2020-02-21,5,0
AF,2020-02-22,5,0
AF,2020-02-23,5,0
AF,2020-02-24,5,0
AF,2020-02-25,10,0
AF,2020-02-26,10,0
AF,2020-02-27,10,0
AF,2020-02-28,15,0
AF,2020-02-29,15,0
AF,2020-03-01,15,0
AF,2020-03-02,33,0
AF,2020-03-03,30,0
AF,2020-03-04,41,0
AF,2020-03-05,52,0
AF,2020-03-06,62,0
AF,2020-03-07,81,0
AF,2020-03-08,117,1
AF,2020-03-09,127,1
AF,2020-03-10,140,1
AF,2020-03-11,161,2
AF,2020-03-12,185,3
AF,2020-03-13,196,3
AF,2020-03-14,311,5
AF,2020-03-15,396,7
AF,2020-03-16,472,8
AF,2020-03-17,575,11
AF,2020-03-18,721,16
AF,2020-03-19,910,17
AF,2020-03-20,1055,24
AF,2020-03-21,1214,30
AF,2020-03-22,1320,37
AF,2020-03-23,1552,45
AF,2020-03-24,1949,53
AF,2020-03-25,2432,60
AF,2020-03-26,2819,64
AF,2020-03-27,3416,79
AF,2020-03-28,3986,107
AF,2020-03-29,4367,122
AF,2020-03-30,5010,145
AF,2020-03-31,5453,162
AF,2020-04-01,5923,187
AF,2020-04-02,6687,231
AF,2020-04-03,7434,286
AF,2020-04-04,8402,334
AF,2020-04-05,9086,394
AF,2020-04-06,9605,418
AF,2020-04-07,10280,487
AF,2020-04-08,11067,536
AF,2020-04-09,11982,573
AF,2020-04-10,12697,627
AF,2020-04-11,13456,687
AF,2020-04-12,14149,734
AF,2020-04-13,14976,779
AF,2020-04-14,15878,834
AF,2020-04-15,16841,871
AF,2020-04-16,17747,908
AF,2020-04-17,18890,962
AF,2020-04-18,20306,1007
AF,2020-04-19,21457,1046
AF,2020-04-20,22778,1101
AF,2020-04-21,24059,1158
AF,2020-04-22,25145,1197
AF,2020-04-23,26325,1241
AF,2020-04-24,28158,1304
AF,2020-04-25,29830,1338
AF,2020-04-26,31142,1382
AF,2020-04-27,32774,1429
AF,2020-04-28,33956,1471
AF,2020-04-29,35501,1523
AF,2020-04-30,37415,1586
AF,2020-05-01,39810,1640
AF,2020-05-02,41729,1700
AF,2020-05-03,43805,1771
AF,2020-05-04,45400,1808
AF,2020-05-05,48067,1851
AF,2020-05-06,50211,1969
AF,2020-05-07,52404,2017
AF,2020-05-08,55327,2086
AF,2020-05-09,58999,2165
AF,2020-05-10,61946,2232
AF,2020-05-11,64721,2300
AF,2020-05-12,67873,2347
AF,2020-05-13,71122,2415
AF,2020-05-14,74095,2504
AF,2020-05-15,77254,2579
AF,2020-05-16,79997,2645
AF,2020-05-17,83202,2718
AF,2020-05-18,86777,2783
AF,2020-05-19,89909,2852
AF,2020-05-20,93423,2925
AF,2020-05-21,97362,3025
AF,2020-05-22,101862,3115
AF,2020-05-23,105736,3202
AF,2020-05-24,109835,3274
AF,2020-05-25,113516,3370
AF,2020-05-26,117802,3498
AF,2020-05-27,121601,3623
AF,2020-05-28,126800,3720
AF,2020-05-29,131629,3814
AF,2020-05-30,137155,3941
AF,2020-05-31,142956,4081
AF,2020-06-01,148630,4243
AF,2020-06-02,154357,4364
AF,2020-06-03,159335,4512
AF,2020-06-04,165039,4625
AF,2020-06-05,172142,4784
AF,2020-06-06,179266,4942
AF,2020-06-07,185969,5075
AF,2020-06-08,191694,5205
AF,2020-06-09,198551,5372
AF,2020-06-10,205173,5571
AF,2020-06-11,211746,5720
AF,2020-06-12,219152,5877
AF,2020-06-13,226503,6112
AF,2020-06-14,234787,6326
AF,2020-06-15,244710,6545
AF,2020-06-16,253247,6777
AF,2020-06-17,260944,6992
AF,2020-06-18,269632,7223
AF,2020-06-19,277641,7424
AF,2020-06-20,287735,7686
AF,2020-06-21,298197,7907
AF,2020-06-22,307662,8131
AF,2020-06-23,317133,8348
AF,2020-06-24,326171,8623
AF,2020-06-25,337204,8865
AF,2020-06-26,349577,9080
AF,2020-06-27,361149,9293
AF,2020-06-28,373346,9499
AF,2020-06-29,384378,9686
AF,2020-06-30,395242,9910
AF,2020-07-01,406743,10183
AF,2020-07-02,420135,10424
AF,2020-07-03,433484,10663
AF,2020-07-04,447887,10888
AF,2020-07-05,464164,11090
AF,2020-07-06,479197,11389
AF,2020-07-07,493208,11645
AF,2020-07-08,510121,11998
AF,2020-07-09,524319,12234
AF,2020-07-10,543163,12474
AF,2020-07-11,559772,12757
AF,2020-07-12,578917,12989
AF,2020-07-13,596406,13246
AF,2020-07-14,612780,13513
AF,2020-07-15,627505,13812
AF,2020-07-16,646019,14055
AF,2020-07-17,667052,14426
AF,2020-07-18,686354,14715
AF,2020-07-19,705319,14993
AF,2020-07-20,724603,15206
AF,2020-07-21,739660,15467
AF,2020-07-22,753442,15791
AF,2020-07-23,773103,16476
AF,2020-07-24,791268,16745
AF,2020-07-25,813248,17130
AF,2020-07-26,831036,17547
AF,2020-07-27,849036,17800
AF,2020-07-28,863520,18215
AF,2020-07-29,877042,18536
AF,2020-07-30,894567,18903
AF,2020-07-31,912282,19359
AF,2020-08-01,931958,19725
AF,2020-08-02,947442,20014
AF,2020-08-03,961537,20347
AF,2020-08-04,971995,20487
AF,2020-08-05,982189,21141
AF,2020-08-06,997952,21688
AF,2020-08-07,1012147,22135
AF,2020-08-08,1025525,22557
AF,2020-08-09,1039761,22972
AF,2020-08-10,1052287,23329
AF,2020-08-11,1061252,23651
AF,2020-08-12,1069375,23918
AF,2020-08-13,1078506,24328
AF,2020-08-14,1089089,24731
AF,2020-08-15,1101804,25164
AF,2020-08-16,1113445,25403
AF,2020-08-17,1123519,25692
AF,2020-08-18,1132271,25950
AF,2020-08-19,1140616,26355
AF,2020-08-20,1152046,26693
AF,2020-08-21,1162438,27025
AF,2020-08-22,1172503,27374
AF,2020-08-23,1183237,27652
AF,2020-08-24,1193096,27835
AF,2020-08-25,1200701,28053
AF,2020-08-26,1208246,28338
AF,2020-08-27,1217121,28662
AF,2020-08-28,1222865,28780
AF,2020-08-29,1233569,29143
AF,2020-08-30,1242058,29464
AF,2020-08-31,1250703,29631
AF,2020-09-01,1258122,29863
AF,2020-09-02,1265596,30110
AF,2020-09-03,1273692,30348
AF,2020-09-04,1282011,30481
AF,2020-09-05,1290845,30905
AF,2020-09-06,1298000,31117
AF,2020-09-07,1306606,31342
AF,2020-09-08,1313190,31566
AF,2020-09-09,1321244,31773
AF,2020-09-10,1329329,31979
AF,2020-09-11,1338072,32200
AF,2020-09-12,1345870,32411
AF,2020-09-13,1354077,32570
AF,2020-09-14,1360790,32684
AF,2020-09-15,1367217,32859
AF,2020-09-16,1374655,33143
AF,2020-09-17,1382254,33320
AF,2020-09-18,1390900,33511
AF,2020-09-19,1399398,33701
AF,2020-09-20,1408153,33890
AF,2020-09-21,1415875,34017
AF,2020-09-22,1421235,34143
AF,2020-09-23,1429521,34392
AF,2020-09-24,1437731,34591
AF,2020-09-25,1446095,34775
AF,2020-09-26,1454057,34932
AF,2020-09-27,1461404,35121
AF,2020-09-28,1468274,35218
AF,2020-09-29,1475271,35556
AF,2020-09-30,1482777,35759
AF,2020-10-01,1491706,35934
AF,2020-10-02,1500012,36165
AF,2020-10-03,1507375,36293
AF,2020-10-04,1517158,36443
AF,2020-10-05,1524601,36558
AF,2020-10-06,1532307,36735
AF,2020-10-07,1538594,36912
AF,2020-10-08,1547707,37061
AF,2020-10-09,1558222,37451
AF,2020-10-10,1569411,37728
AF,2020-10-11,1580170,37972
AF,2020-10-12,1588084,38172
AF,2020-10-13,1598253,38402
AF,2020-10-14,1606016,38677
AF,2020-10-15,1614919,38896
AF,2020-10-16,1624323,39177
AF,2020-10-17,1638335,39451
AF,2020-10-18,1647759,39647
AF,2020-10-19,1658403,39875
AF,2020-10-20,1667373,40028
AF,2020-10-21,1676222,40315
AF,2020-10-22,1686743,40605
AF,2020-10-23,1698991,40839
AF,2020-10-24,1710366,41077
AF,2020-10-25,1722115,41360
AF,2020-10-26,1731193,41471
AF,2020-10-27,1739497,41817
AF,2020-10-28,1749110,42014
AF,2020-10-29,1759214,42209
AF,2020-10-30,1774132,42495
AF,2020-10-31,1785703,42750
AF,2020-11-01,1796413,42953
AF,2020-11-02,1805832,43261
AF,2020-11-03,1814379,43546
AF,2020-11-04,1824963,43789
AF,2020-11-05,1839208,44315
AF,2020-11-06,1852353,44696
AF,2020-11-07,1867311,45011
AF,2020-11-08,1879663,45220
AF,2020-11-09,1891838,45392
AF,2020-11-10,1903115,45679
AF,2020-11-11,1916405,46023
AF,2020-11-12,1930426,46354
AF,2020-11-13,1946276,46625
AF,2020-11-14,1961314,46908
AF,2020-11-15,1974334,47150
AF,2020-11-16,1987901,47491
AF,2020-11-17,1997346,47762
AF,2020-11-18,2011408,48114
AF,2020-11-19,2026990,48516
AF,2020-11-20,2042231,48868
AF,2020-11-21,2056959,49212
AF,2020-11-22,2070188,49517
AF,2020-11-23,2083378,49809
AF,2020-11-24,2092939,50085
AF,2020-11-25,2105746,50454
AF,2020-11-26,2120607,50741
AF,2020-11-27,2134457,51049
AF,2020-11-28,2150555,51378
AF,2020-11-29,2163585,51601
AF,2020-11-30,2176266,51812
AF,2020-12-01,2186613,52088
AF,2020-12-02,2198672,52395
AF,2020-12-03,2213831,52674
AF,2020-12-04,2229986,52996
AF,2020-12-05,2246092,53371
AF,2020-12-06,2260803,53648
AF,2020-12-07,2275149,53957
AF,2020-12-08,2286449,54202
AF,2020-12-09,2299307,54583
AF,2020-12-10,2319833,54966
AF,2020-12-11,2338217,55355
AF,2020-12-12,2356605,55714
AF,2020-12-13,2372898,56017
AF,2020-12-14,2393426,56450
AF,2020-12-15,2404610,56782
AF,2020-12-16,2422363,57187
AF,2020-12-17,2441745,57509
AF,2020-12-18,2463119,57897
AF,2020-12-19,2482550,58396
AF,2020-12-20,2503280,58837
AF,2020-12-21,2521427,59158
AF,2020-12-22,2538025,59579
AF,2020-12-23,2557750,60296
AF,2020-12-24,2581979,60908
AF,2020-12-25,2608208,61459
AF,2020-12-26,2634879,61972
AF,2020-12-27,2656176,62404
AF,2020-12-28,2673993,62823
AF,2020-12-29,2691878,63479
AF,2020-12-30,2711747,64187
AF,2020-12-31,2742632,64919
AF,2021-01-01,2772850,65637
AF,2021-01-02,2778081,65805
AF,2021-01-03,2823570,66825
AF,2021-01-04,2845292,67432
AF,2021-01-05,2866922,68117
AF,2021-01-06,2893111,68921
AF,2021-01-07,2929715,70053
AF,2021-01-08,2964172,70711
AF,2021-01-09,3000821,71614
AF,2021-01-10,3035916,72325
AF,2021-01-11,3067543,72964
AF,2021-01-12,3098315,73677
AF,2021-01-13,3125047,74762
AF,2021-01-14,3158978,75877
AF,2021-01-15,3193044,76944
AF,2021-01-16,3222067,77809
AF,2021-01-17,3251630,78508
AF,2021-01-18,3279362,79128
AF,2021-01-19,3302264,79845
AF,2021-01-20,3326725,81059
AF,2021-01-21,3355508,81993
AF,2021-01-22,3382199,83007
AF,2021-01-23,3408514,83969
AF,2021-01-24,3436391,84752
AF,2021-01-25,3456493,85392
AF,2021-01-26,3473047,85999
AF,2021-01-27,3493218,87042
AF,2021-01-28,3514048,88137
AF,2021-01-29,3534399,89079
AF,2021-01-30,3554055,89938
AF,2021-01-31,3571865,90547
AF,2021-02-01,3587410,91067
AF,2021-02-02,3600320,91596
AF,2021-02-03,3615085,92467
AF,2021-02-04,3631713,93175
AF,2021-02-05,3647317,93724
AF,2021-02-06,3666323,94316
AF,2021-02-07,3679006,94850
AF,2021-02-08,3690210,95201
AF,2021-02-09,3701675,95623
AF,2021-02-10,3715346,96351
AF,2021-02-11,3728758,96883
AF,2021-02-12,3740822,97377
AF,2021-02-13,3753469,97928
AF,2021-02-14,3765202,98275
AF,2021-02-15,3776181,98588
AF,2021-02-16,3787009,99055
AF,2021-02-17,3797977,99540
AF,2021-02-18,3811053,99962
AF,2021-02-19,3823397,100410
AF,2021-02-20,3836163,100812
AF,2021-02-21,3847431,101144
AF,2021-02-22,3856549,101477
AF,2021-02-23,3865239,101775
AF,2021-02-24,3875484,102300
AF,2021-02-25,3885819,102620
AF,2021-02-26,3896607,102953
AF,2021-02-27,3904767,103227
AF,2021-02-28,3913971,103575
AF,2021-03-01,3927495,103872
AF,2021-03-02,3936354,104180
AF,2021-03-03,3944721,104537
AF,2021-03-04,3955833,104834
AF,2021-03-05,3965312,105123
AF,2021-03-06,3975300,105400
AF,2021-03-07,3986737,105682
AF,2021-03-08,3998735,105952
AF,2021-03-09,4005885,106242
AF,2021-03-10,4015443,106589
AF,2021-03-11,4026432,106913
AF,2021-03-12,4037454,107183
AF,2021-03-13,4046046,107399
AF,2021-03-14,4058169,107731
AF,2021-03-15,4066648,107981
AF,2021-03-16,4073690,108239
AF,2021-03-17,4083601,108569
AF,2021-03-18,4096237,108907
AF,2021-03-19,4106707,109157
AF,2021-03-20,4118936,109718
AF,2021-03-21,4128845,109924
AF,2021-03-22,4138867,110147
AF,2021-03-23,4148373,110422
AF,2021-03-24,4158575,110772
AF,2021-03-25,4177461,111200
AF,2021-03-26,4189119,111556
AF,2021-03-27,4201703,111811
AF,2021-03-28,4210719,112000
AF,2021-03-29,4220180,112201
AF,2021-03-30,4228902,112463
AF,2021-03-31,4241584,112801
AF,2021-04-01,4259763,113118
AF,2021-04-02,4272790,113393
AF,2021-04-03,4285770,113666
AF,2021-04-04,4294159,113838
AF,2021-04-05,4304277,114119
AF,2021-04-06,4314041,114366
AF,2021-04-07,4324098,114611
AF,2021-04-08,4339478,114964
AF,2021-04-09,4351670,115257
AF,2021-04-10,4364440,115520
AF,2021-04-11,4374308,115754
AF,2021-04-12,4384053,116054
AF,2021-04-13,4395007,116335
AF,2021-04-14,4409388,116688
AF,2021-04-15,4421330,117031
AF,2021-04-16,4434797,117359
AF,2021-04-17,4443500,117627
AF,2021-04-18,4457570,117930
AF,2021-04-19,4467456,118244
AF,2021-04-20,4476349,118485
AF,2021-04-21,4487415,118902
AF,2021-04-22,4498681,119207
AF,2021-04-23,4514753,119578
AS,2020-01-03,0,0
AS,2020-01-04,1,0
AS,2020-01-05,1,0
AS,2020-01-06,4,0
AS,2020-01-07,4,0
AS,2020-01-08,4,0
AS,2020-01-09,4,0
AS,2020-01-10,4,0
AS,2020-01-11,4,0
AS,2020-01-12,45,1
AS,2020-01-13,50,1
AS,2020-01-14,51,1
AS,2020-01-15,51,1
AS,2020-01-16,51,1
AS,2020-01-17,56,2
AS,2020-01-18,56,2
AS,2020-01-19,137,3
AS,2020-01-20,214,4
AS,2020-01-21,307,6
AS,2020-01-22,451,17
AS,2020-01-23,589,18
AS,2020-01-24,858,26
AS,2020-01-25,1326,42
AS,2020-01-26,2015,56
AS,2020-01-27,2806,82
AS,2020-01-28,4581,131
AS,2020-01-29,6058,133
AS,2020-01-30,7812,171
AS,2020-01-31,9814,213
AS,2020-02-01,11924,259
AS,2020-02-02,14523,362
AS,2020-02-03,17358,426
AS,2020-02-04,20599,492
AS,2020-02-05,24509,564
AS,2020-02-06,28218,634
AS,2020-02-07,31375,719
AS,2020-02-08,34776,806
AS,2020-02-09,37433,906
AS,2020-02-10,40424,1013
AS,2020-02-11,42909,1113
AS,2020-02-12,44936,1118
AS,2020-02-13,60091,1371
AS,2020-02-14,64156,1523
AS,2020-02-15,66817,1665
AS,2020-02-16,68848,1769
AS,2020-02-17,70909,1867
AS,2020-02-18,72813,2006
AS,2020-02-19,74615,2119
AS,2020-02-20,75035,2244
AS,2020-02-21,76043,2244
AS,2020-02-22,77083,2453
AS,2020-02-23,77987,2456
AS,2020-02-24,78458,2613
AS,2020-02-25,79186,2688
AS,2020-02-26,79936,2747
AS,2020-02-27,80897,2786
AS,2020-02-28,81939,2843
AS,2020-02-29,83326,2903
AS,2020-03-01,84735,2941
AS,2020-03-02,85685,3000
AS,2020-03-03,87378,3061
AS,2020-03-04,89491,3117
AS,2020-03-05,90744,3168
AS,2020-03-06,92740,3223
AS,2020-03-07,94549,3274
AS,2020-03-08,95844,3357
AS,2020-03-09,96846,3430
AS,2020-03-10,98044,3503
AS,2020-03-11,99510,3602
AS,2020-03-12,100973,3698
AS,2020-03-13,102535,3800
AS,2020-03-14,104664,3923
AS,2020-03-15,106461,4055
AS,2020-03-16,108165,4205
AS,2020-03-17,110120,4367
AS,2020-03-18,112130,4552
AS,2020-03-19,114157,4724
AS,2020-03-20,116326,4897
AS,2020-03-21,118477,5053
AS,2020-03-22,121096,5221
AS,2020-03-23,123910,5374
AS,2020-03-24,127421,5538
AS,2020-03-25,131408,5711
AS,2020-03-26,135837,5934
AS,2020-03-27,140887,6127
AS,2020-03-28,145690,6303
AS,2020-03-29,151429,6500
AS,2020-03-30,157134,6681
AS,2020-03-31,162804,6896
AS,2020-04-01,168983,7098
AS,2020-04-02,175229,7298
AS,2020-04-03,181325,7506
AS,2020-04-04,187473,7758
AS,2020-04-05,191315,7820
AS,2020-04-06,197565,8051
AS,2020-04-07,204369,8280
AS,2020-04-08,210032,8507
AS,2020-04-09,215717,8709
AS,2020-04-10,222117,8981
AS,2020-04-11,228443,9211
AS,2020-04-12,236035,9525
AS,2020-04-13,242352,9774
AS,2020-04-14,250039,10007
AS,2020-04-15,257134,10295
AS,2020-04-16,264449,10522
AS,2020-04-17,272261,10737
AS,2020-04-18,280648,12265
AS,2020-04-19,288797,12446
AS,2020-04-20,297194,12696
AS,2020-04-21,306512,12930
AS,2020-04-22,315318,13248
AS,2020-04-23,324215,13483
AS,2020-04-24,333836,13712
AS,2020-04-25,343932,13989
AS,2020-04-26,353621,14238
AS,2020-04-27,362674,14414
AS,2020-04-28,371441,14681
AS,2020-04-29,381202,14931
AS,2020-04-30,390799,15195
AS,2020-05-01,401239,15453
AS,2020-05-02,412456,15710
AS,2020-05-03,422559,16008
AS,2020-05-04,433203,16218
AS,2020-05-05,446218,16604
AS,2020-05-06,459192,16939
AS,2020-05-07,473052,17241
AS,2020-05-08,486962,17547
AS,2020-05-09,500917,17844
AS,2020-05-10,515894,18135
AS,2020-05-11,531731,18406
AS,2020-05-12,546268,18676
AS,2020-05-13,562818,18989
AS,2020-05-14,579135,19332
AS,2020-05-15,597355,19666
AS,2020-05-16,614965,19976
AS,2020-05-17,633136,20276
AS,2020-05-18,652846,20641
AS,2020-05-19,672926,21023
AS,2020-05-20,692511,21367
AS,2020-05-21,715462,21683
AS,2020-05-22,738426,22081
AS,2020-05-23,761655,22454
AS,2020-05-24,785075,22812
AS,2020-05-25,807499,23170
AS,2020-05-26,828489,23485
AS,2020-05-27,848424,23867
AS,2020-05-28,870602,24308
AS,2020-05-29,895575,24737
AS,2020-05-30,923341,25270
AS,2020-05-31,949844,25777
AS,2020-06-01,977615,26302
AS,2020-06-02,1005149,26793
AS,2020-06-03,1034866,27342
AS,2020-06-04,1066740,27937
AS,2020-06-05,1098522,28504
AS,2020-06-06,1130466,29150
AS,2020-06-07,1163800,29788
AS,2020-06-08,1196315,30348
AS,2020-06-09,1227795,31045
AS,2020-06-10,1261429,31715
AS,2020-06-11,1296649,32460
AS,2020-06-12,1332999,33273
AS,2020-06-13,1371395,34057
AS,2020-06-14,1409370,34796
AS,2020-06-15,1445683,35566
AS,2020-06-16,1479952,36457
AS,2020-06-17,1517566,38978
AS,2020-06-18,1557329,39852
AS,2020-06-19,1597427,40704
AS,2020-06-20,1639373,41628
AS,2020-06-21,1681080,42493
AS,2020-06-22,1719896,43427
AS,2020-06-23,1760564,44215
AS,2020-06-24,1802541,45142
AS,2020-06-25,1845948,46155
AS,2020-06-26,1889571,47064
AS,2020-06-27,1935663,48000
AS,2020-06-28,1982753,48916
AS,2020-06-29,2027416,49763
AS,2020-06-30,2080531,50766
AS,2020-07-01,2127756,51911
AS,2020-07-02,2175744,52915
AS,2020-07-03,2225423,53856
AS,2020-07-04,2277424,54845
AS,2020-07-05,2330406,56059
AS,2020-07-06,2381710,57097
AS,2020-07-07,2431069,58163
AS,2020-07-08,2481141,59341
AS,2020-07-09,2536188,60359
AS,2020-07-10,2591902,61497
AS,2020-07-11,2647597,62566
AS,2020-07-12,2702977,63714
AS,2020-07-13,2758778,65017
AS,2020-07-14,2813737,66179
AS,2020-07-15,2869340,67359
AS,2020-07-16,2929454,68552
AS,2020-07-17,2992990,69866
AS,2020-07-18,3054781,71417
AS,2020-07-19,3119355,72899
AS,2020-07-20,3183639,74260
AS,2020-07-21,3245291,75478
AS,2020-07-22,3309942,76757
AS,2020-07-23,3382562,78595
AS,2020-07-24,3458576,80025
AS,2020-07-25,3533935,81398
AS,2020-07-26,3607804,82648
AS,2020-07-27,3680423,83953
AS,2020-07-28,3751595,85373
AS,2020-07-29,3826020,86681
AS,2020-07-30,3904661,87969
AS,2020-07-31,3986924,89329
AS,2020-08-01,4075924,90673
AS,2020-08-02,4154635,92280
AS,2020-08-03,4230116,93513
AS,2020-08-04,4304930,94909
AS,2020-08-05,4385715,96336
AS,2020-08-06,4469037,97732
AS,2020-08-07,4558414,99106
AS,2020-08-08,4647455,100527
AS,2020-08-09,4737137,102172
AS,2020-08-10,4820448,103707
AS,2020-08-11,4901687,105093
AS,2020-08-12,4987757,106437
AS,2020-08-13,5081455,107956
AS,2020-08-14,5172481,109439
AS,2020-08-15,5266967,110892
AS,2020-08-16,5356385,112614
AS,2020-08-17,5436528,114069
AS,2020-08-18,5514997,115447
AS,2020-08-19,5607607,117019
AS,2020-08-20,5704266,118576
AS,2020-08-21,5800129,120114
AS,2020-08-22,5895934,121534
AS,2020-08-23,5990064,123064
AS,2020-08-24,6072975,124445
AS,2020-08-25,6156580,125740
AS,2020-08-26,6247891,127297
AS,2020-08-27,6350556,128869
AS,2020-08-28,6453028,130491
AS,2020-08-29,6555437,132044
AS,2020-08-30,6658070,133595
AS,2020-08-31,6759213,135092
AS,2020-09-01,6851295,136363
AS,2020-09-02,6953614,137895
AS,2020-09-03,7061716,139423
AS,2020-09-04,7172024,141067
AS,2020-09-05,7285936,142633
AS,2020-09-06,7401048,144237
AS,2020-09-07,7514834,145811
AS,2020-09-08,7613464,147416
AS,2020-09-09,7730713,149030
AS,2020-09-10,7853841,150735
AS,2020-09-11,7980875,152517
AS,2020-09-12,8108322,154162
AS,2020-09-13,8232234,155953
AS,2020-09-14,8350971,157603
AS,2020-09-15,8463569,159427
AS,2020-09-16,8584480,161275
AS,2020-09-17,8714852,163028
AS,2020-09-18,8842065,164810
AS,2020-09-19,8967179,166603
AS,2020-09-20,9090849,168379
AS,2020-09-21,9207460,170097
AS,2020-09-22,9311102,171710
AS,2020-09-23,9424410,173406
AS,2020-09-24,9546531,175159
AS,2020-09-25,9667496,176860
AS,2020-09-26,9788094,178561
AS,2020-09-27,9910811,180317
AS,2020-09-28,10025013,181958
AS,2020-09-29,10125171,183312
AS,2020-09-30,10234182,185154
AS,2020-10-01,10354961,186967
AS,2020-10-02,10474568,188667
AS,2020-10-03,10590520,190389
AS,2020-10-04,10701160,191902
AS,2020-10-05,10807751,193495
AS,2020-10-06,10900727,195057
AS,2020-10-07,11009225,196695
AS,2020-10-08,11125143,198384
AS,2020-10-09,11232636,200099
AS,2020-10-10,11338973,201706
AS,2020-10-11,11447299,203297
AS,2020-10-12,11543290,204841
AS,2020-10-13,11631732,206209
AS,2020-10-14,11731137,207605
AS,2020-10-15,11834863,209071
AS,2020-10-16,11935528,210684
AS,2020-10-17,12034908,212190
AS,2020-10-18,12131138,213968
AS,2020-10-19,12219167,215226
AS,2020-10-20,12300316,216599
AS,2020-10-21,12389652,218046
AS,2020-10-22,12486791,219542
AS,2020-10-23,12582205,220990
AS,2020-10-24,12677753,222513
AS,2020-10-25,12765182,223893
AS,2020-10-26,12846214,225110
AS,2020-10-27,12917788,226447
AS,2020-10-28,13001167,227727
AS,2020-10-29,13092130,229138
AS,2020-10-30,13183339,230515
AS,2020-10-31,13273368,231874
AS,2020-11-01,13358360,233211
AS,2020-11-02,13442347,234572
AS,2020-11-03,13523816,235961
AS,2020-11-04,13614681,237407
AS,2020-11-05,13710426,239077
AS,2020-11-06,13809213,240716
AS,2020-11-07,13905026,242123
AS,2020-11-08,13996781,243588
AS,2020-11-09,14086951,244994
AS,2020-11-10,14171363,246436
AS,2020-11-11,14264054,247912
AS,2020-11-12,14362627,249430
AS,2020-11-13,14457539,250915
AS,2020-11-14,14554324,252444
AS,2020-11-15,14644313,253908
AS,2020-11-16,14722790,255295
AS,2020-11-17,14801829,256708
AS,2020-11-18,14892578,258190
AS,2020-11-19,14994939,259860
AS,2020-11-20,15097622,261478
AS,2020-11-21,15199988,263299
AS,2020-11-22,15299417,264828
AS,2020-11-23,15396581,266400
AS,2020-11-24,15488210,267892
AS,2020-11-25,15587569,269441
AS,2020-11-26,15690698,271055
AS,2020-11-27,15793864,272642
AS,2020-11-28,15895838,274131
AS,2020-11-29,15991566,275670
AS,2020-11-30,16084874,277138
AS,2020-12-01,16172676,278581
AS,2020-12-02,16266125,280105
AS,2020-12-03,16360627,281634
AS,2020-12-04,16460314,283122
AS,2020-12-05,16555310,284602
AS,2020-12-06,16647398,286026
AS,2020-12-07,16731799,287287
AS,2020-12-08,16813328,288579
AS,2020-12-09,16899292,290001
AS,2020-12-10,16984883,291347
AS,2020-12-11,17071179,292696
AS,2020-12-12,17153773,293960
AS,2020-12-13,17233618,295264
AS,2020-12-14,17305429,296446
AS,2020-12-15,17374586,297667
AS,2020-12-16,17449988,298961
AS,2020-12-17,17525331,300189
AS,2020-12-18,17599523,301365
AS,2020-12-19,17674735,302505
AS,2020-12-20,17747929,303708
AS,2020-12-21,17816736,304957
AS,2020-12-22,17881300,306110
AS,2020-12-23,17950560,307323
AS,2020-12-24,18022830,308445
AS,2020-12-25,18093257,309593
AS,2020-12-26,18161441,310690
AS,2020-12-27,18222228,311752
AS,2020-12-28,18278889,312836
AS,2020-12-29,18335587,313876
AS,2020-12-30,18401322,314990
AS,2020-12-31,18470909,316138
AS,2021-01-01,18540682,317116
AS,2021-01-02,18605912,318059
AS,2021-01-03,18665897,319118
AS,2021-01-04,18724021,320009
AS,2021-01-05,18784921,320859
AS,2021-01-06,18852575,321878
AS,2021-01-07,18927419,322776
AS,2021-01-08,19002335,323749
AS,2021-01-09,19061950,324481
AS,2021-01-10,19155960,325652
AS,2021-01-11,19223578,326414
AS,2021-01-12,19287130,327240
AS,2021-01-13,19360376,328406
AS,2021-01-14,19436230,329580
AS,2021-01-15,19514049,330606
AS,2021-01-16,19592179,331650
AS,2021-01-17,19669291,332650
AS,2021-01-18,19735243,333484
AS,2021-01-19,19796563,334383
AS,2021-01-20,19866442,335465
AS,2021-01-21,19940645,336428
AS,2021-01-22,20013124,337532
AS,2021-01-23,20083737,338453
AS,2021-01-24,20153353,339434
AS,2021-01-25,20213723,340261
AS,2021-01-26,20270497,341204
AS,2021-01-27,20339339,342287
AS,2021-01-28,20407489,343436
AS,2021-01-29,20483685,344652
AS,2021-01-30,20554750,345481
AS,2021-01-31,20624641,346779
AS,2021-02-01,20683374,347635
AS,2021-02-02,20739909,348490
AS,2021-02-03,20802646,349476
AS,2021-02-04,20870314,350382
AS,2021-02-05,20936032,351277
AS,2021-02-06,21000072,352139
AS,2021-02-07,21061947,352921
AS,2021-02-08,21117662,353647
AS,2021-02-09,21170980,354426
AS,2021-02-10,21230708,355220
AS,2021-02-11,21292801,356104
AS,2021-02-12,21351353,356915
AS,2021-02-13,21411660,357684
AS,2021-02-14,21468591,358517
AS,2021-02-15,21527413,359377
AS,2021-02-16,21572080,359821
AS,2021-02-17,21633072,360575
AS,2021-02-18,21695912,361379
AS,2021-02-19,21756385,362188
AS,2021-02-20,21817113,363019
AS,2021-02-21,21875645,363942
AS,2021-02-22,21932513,364581
AS,2021-02-23,21990990,365237
AS,2021-02-24,22056154,366068
AS,2021-02-25,22123493,367503
AS,2021-02-26,22190722,368494
AS,2021-02-27,22257649,369327
AS,2021-02-28,22320186,370118
AS,2021-03-01,22378951,370811
AS,2021-03-02,22438152,371478
AS,2021-03-03,22503091,372228
AS,2021-03-04,22572439,373250
AS,2021-03-05,22644030,374005
AS,2021-03-06,22714637,374670
AS,2021-03-07,22781212,375306
AS,2021-03-08,22847412,376014
AS,2021-03-09,22913286,376794
AS,2021-03-10,22983720,377580
AS,2021-03-11,23059769,378297
AS,2021-03-12,23137548,379064
AS,2021-03-13,23218189,379898
AS,2021-03-14,23292280,380710
AS,2021-03-15,23369882,381404
AS,2021-03-16,23448647,382164
AS,2021-03-17,23535520,383065
AS,2021-03-18,23631263,383883
AS,2021-03-19,23732437,384802
AS,2021-03-20,23833237,385644
AS,2021-03-21,23932619,386517
AS,2021-03-22,24038507,387376
AS,2021-03-23,24141040,388251
AS,2021-03-24,24249214,389227
AS,2021-03-25,24362285,390118
AS,2021-03-26,24488696,391076
AS,2021-03-27,24616991,392033
AS,2021-03-28,24739798,393184
AS,2021-03-29,24872674,394098
AS,2021-03-30,24995262,395034
AS,2021-03-31,25119376,396166
AS,2021-04-01,25263302,397460
AS,2021-04-02,25421712,398743
AS,2021-04-03,25590893,400181
AS,2021-04-04,25754950,401609
AS,2021-04-05,25937061,403168
AS,2021-04-06,26106642,404368
AS,2021-04-07,26304385,406259
AS,2021-04-08,26517501,407990
AS,2021-04-09,26742487,409730
AS,2021-04-10,26980783,411727
AS,2021-04-11,27217108,413740
AS,2021-04-12,27472449,415711
AS,2021-04-13,27723053,417738
AS,2021-04-14,27997552,419878
AS,2021-04-15,28290469,422082
AS,2021-04-16,28602240,424490
AS,2021-04-17,28929232,426997
AS,2021-04-18,29274521,429780
AS,2021-04-19,29634524,432717
AS,2021-04-20,29981939,435659
AS,2021-04-21,30369934,439010
AS,2021-04-22,30780919,442499
AS,2021-04-23,31204504,446023
EU,2020-01-03,0,0
EU,2020-01-04,0,0
EU,2020-01-05,0,0
EU,2020-01-06,0,0
EU,2020-01-07,0,0
EU,2020-01-08,0,0
EU,2020-01-09,0,0
EU,2020-01-10,0,0
EU,2020-01-11,0,0
EU,2020-01-12,0,0
EU,2020-01-13,0,0
EU,2020-01-14,0,0
EU,2020-01-15,0,0
EU,2020-01-16,0,0
EU,2020-01-17,0,0
EU,2020-01-18,0,0
EU,2020-01-19,0,0
EU,2020-01-20,0,0
EU,2020-01-21,0,0
EU,2020-01-22,0,0
EU,2020-01-23,0,0
EU,2020-01-24,3,0
EU,2020-01-25,3,0
EU,2020-01-26,3,0
EU,2020-01-27,3,0
EU,2020-01-28,4,0
EU,2020-01-29,11,0
EU,2020-01-30,12,0
EU,2020-01-31,18,0
EU,2020-02-01,22,0
EU,2020-02-02,27,0
EU,2020-02-03,28,0
EU,2020-02-04,31,0
EU,2020-02-05,31,0
EU,2020-02-06,31,0
EU,2020-02-07,33,0
EU,2020-02-08,39,0
EU,2020-02-09,39,0
EU,2020-02-10,43,0
EU,2020-02-11,45,0
EU,2020-02-12,47,0
EU,2020-02-13,48,1
EU,2020-02-14,50,1
EU,2020-02-15,50,2
EU,2020-02-16,50,2
EU,2020-02-17,51,2
EU,2020-02-18,51,2
EU,2020-02-19,51,2
EU,2020-02-20,51,2
EU,2020-02-21,51,2
EU,2020-02-22,65,2
EU,2020-02-23,129,4
EU,2020-02-24,184,4
EU,2020-02-25,284,8
EU,2020-02-26,392,13
EU,2020-02-27,497,15
EU,2020-02-28,829,20
EU,2020-02-29,1151,25
EU,2020-03-01,1564,33
EU,2020-03-02,2248,39
EU,2020-03-03,2817,57
EU,2020-03-04,3579,86
EU,2020-03-05,4651,116
EU,2020-03-06,6161,162
EU,2020-03-07,8024,216
EU,2020-03-08,10218,257
EU,2020-03-09,12874,404
EU,2020-03-10,16357,533
EU,2020-03-11,19703,726
EU,2020-03-12,25582,978
EU,2020-03-13,32985,1230
EU,2020-03-14,40914,1572
EU,2020-03-15,50543,1878
EU,2020-03-16,59609,2434
EU,2020-03-17,71481,2990
EU,2020-03-18,84362,3614
EU,2020-03-19,99936,4436
EU,2020-03-20,122952,5405
EU,2020-03-21,146705,6589
EU,2020-03-22,170563,8143
EU,2020-03-23,192623,9625
EU,2020-03-24,219112,11268
EU,2020-03-25,246689,13333
EU,2020-03-26,279449,15512
EU,2020-03-27,317406,17927
EU,2020-03-28,357236,20836
EU,2020-03-29,393576,23738
EU,2020-03-30,424140,26393
EU,2020-03-31,454922,29433
EU,2020-04-01,495891,32897
EU,2020-04-02,534131,36501
EU,2020-04-03,570954,40143
EU,2020-04-04,611323,45441
EU,2020-04-05,649031,49730
EU,2020-04-06,677761,52936
EU,2020-04-07,707758,56618
EU,2020-04-08,742168,61749
EU,2020-04-09,780851,65801
EU,2020-04-10,821055,70806
EU,2020-04-11,860055,75168
EU,2020-04-12,894499,78980
EU,2020-04-13,923010,82196
EU,2020-04-14,949745,85561
EU,2020-04-15,983115,89755
EU,2020-04-16,1015524,94540
EU,2020-04-17,1051806,98667
EU,2020-04-18,1085094,102528
EU,2020-04-19,1119254,106288
EU,2020-04-20,1146061,108837
EU,2020-04-21,1174213,111783
EU,2020-04-22,1205598,115658
EU,2020-04-23,1235394,118914
EU,2020-04-24,1266751,121953
EU,2020-04-25,1297377,125085
EU,2020-04-26,1325411,128122
EU,2020-04-27,1348099,130002
EU,2020-04-28,1371091,132145
EU,2020-04-29,1394091,134989
EU,2020-04-30,1421804,137672
EU,2020-05-01,1449511,139975
EU,2020-05-02,1476225,142050
EU,2020-05-03,1501789,144028
EU,2020-05-04,1525101,145418
EU,2020-05-05,1545882,147007
EU,2020-05-06,1571410,149206
EU,2020-05-07,1600872,151310
EU,2020-05-08,1626621,153070
EU,2020-05-09,1652436,154961
EU,2020-05-10,1676541,156157
EU,2020-05-11,1697334,157190
EU,2020-05-12,1716807,158473
EU,2020-05-13,1740715,160307
EU,2020-05-14,1762052,161689
EU,2020-05-15,1785588,163265
EU,2020-05-16,1806371,164562
EU,2020-05-17,1826802,165700
EU,2020-05-18,1843759,166403
EU,2020-05-19,1860992,167299
EU,2020-05-20,1879684,168639
EU,2020-05-21,1900428,169730
EU,2020-05-22,1919177,170716
EU,2020-05-23,1937743,171677
EU,2020-05-24,1955240,172545
EU,2020-05-25,1971154,173363
EU,2020-05-26,1986846,174108
EU,2020-05-27,2002694,174908
EU,2020-05-28,2019603,175988
EU,2020-05-29,2040417,177018
EU,2020-05-30,2058604,177889
EU,2020-05-31,2077308,178596
EU,2020-06-01,2092403,179121
EU,2020-06-02,2106819,179717
EU,2020-06-03,2121279,180525
EU,2020-06-04,2138163,181347
EU,2020-06-05,2155682,181961
EU,2020-06-06,2173395,182815
EU,2020-06-07,2189895,183382
EU,2020-06-08,2206462,183782
EU,2020-06-09,2221609,184323
EU,2020-06-10,2237389,185116
EU,2020-06-11,2254291,185751
EU,2020-06-12,2272115,186273
EU,2020-06-13,2289475,186783
EU,2020-06-14,2307315,187261
EU,2020-06-15,2323343,187640
EU,2020-06-16,2338634,188077
EU,2020-06-17,2354506,188746
EU,2020-06-18,2371928,189299
EU,2020-06-19,2389426,189862
EU,2020-06-20,2406507,190321
EU,2020-06-21,2423163,190719
EU,2020-06-22,2437577,191014
EU,2020-06-23,2451680,191395
EU,2020-06-24,2466740,191888
EU,2020-06-25,2483307,192218
EU,2020-06-26,2499481,192713
EU,2020-06-27,2516083,193199
EU,2020-06-28,2531168,193487
EU,2020-06-29,2544901,193764
EU,2020-06-30,2558937,194135
EU,2020-07-01,2573143,194620
EU,2020-07-02,2588349,195045
EU,2020-07-03,2603649,195488
EU,2020-07-04,2618713,195899
EU,2020-07-05,2633382,196229
EU,2020-07-06,2645987,196529
EU,2020-07-07,2659195,196896
EU,2020-07-08,2673047,197349
EU,2020-07-09,2688024,197788
EU,2020-07-10,2703510,198175
EU,2020-07-11,2719124,198585
EU,2020-07-12,2734097,198883
EU,2020-07-13,2747080,199121
EU,2020-07-14,2760496,199464
EU,2020-07-15,2774660,199841
EU,2020-07-16,2790665,200275
EU,2020-07-17,2806759,200663
EU,2020-07-18,2823176,200976
EU,2020-07-19,2838805,201206
EU,2020-07-20,2852649,201425
EU,2020-07-21,2868064,201739
EU,2020-07-22,2883816,202101
EU,2020-07-23,2901944,202444
EU,2020-07-24,2920465,202792
EU,2020-07-25,2939243,203132
EU,2020-07-26,2956455,203355
EU,2020-07-27,2971341,203568
EU,2020-07-28,2988564,203888
EU,2020-07-29,3012782,204256
EU,2020-07-30,3039855,204616
EU,2020-07-31,3067443,204978
EU,2020-08-01,3094669,205275
EU,2020-08-02,3119997,205531
EU,2020-08-03,3143375,205779
EU,2020-08-04,3168830,206116
EU,2020-08-05,3195088,206492
EU,2020-08-06,3224759,206852
EU,2020-08-07,3254912,207218
EU,2020-08-08,3286859,207582
EU,2020-08-09,3315434,207861
EU,2020-08-10,3339720,208121
EU,2020-08-11,3368710,208475
EU,2020-08-12,3397816,208848
EU,2020-08-13,3431609,209214
EU,2020-08-14,3466303,209595
EU,2020-08-15,3501398,209967
EU,2020-08-16,3536756,210415
EU,2020-08-17,3565756,210659
EU,2020-08-18,3591394,211007
EU,2020-08-19,3622982,211369
EU,2020-08-20,3661220,211757
EU,2020-08-21,3700927,212102
EU,2020-08-22,3741856,212490
EU,2020-08-23,3780211,212801
EU,2020-08-24,3813700,213063
EU,2020-08-25,3843251,213444
EU,2020-08-26,3877548,213871
EU,2020-08-27,3919860,214284
EU,2020-08-28,3962490,214694
EU,2020-08-29,4008227,215089
EU,2020-08-30,4051470,215429
EU,2020-08-31,4087687,215733
EU,2020-09-01,4119966,216164
EU,2020-09-02,4157610,216635
EU,2020-09-03,4204028,217102
EU,2020-09-04,4252390,217558
EU,2020-09-05,4304083,217993
EU,2020-09-06,4355090,218390
EU,2020-09-07,4397251,218706
EU,2020-09-08,4435617,219168
EU,2020-09-09,4480192,219693
EU,2020-09-10,4534254,220192
EU,2020-09-11,4591204,220665
EU,2020-09-12,4650144,221222
EU,2020-09-13,4707299,221633
EU,2020-09-14,4752793,222007
EU,2020-09-15,4797054,222570
EU,2020-09-16,4849804,223221
EU,2020-09-17,4912789,223848
EU,2020-09-18,4979379,224460
EU,2020-09-19,5048554,225206
EU,2020-09-20,5118558,225721
EU,2020-09-21,5174172,226159
EU,2020-09-22,5223454,226779
EU,2020-09-23,5282834,227478
EU,2020-09-24,5354328,228194
EU,2020-09-25,5431218,228867
EU,2020-09-26,5510384,229710
EU,2020-09-27,5583938,230377
EU,2020-09-28,5645429,230871
EU,2020-09-29,5700594,231552
EU,2020-09-30,5767952,232406
EU,2020-10-01,5847374,233196
EU,2020-10-02,5938184,234040
EU,2020-10-03,6027772,234926
EU,2020-10-04,6120502,235613
EU,2020-10-05,6192055,236116
EU,2020-10-06,6273348,236990
EU,2020-10-07,6366769,237988
EU,2020-10-08,6481834,239008
EU,2020-10-09,6605075,239969
EU,2020-10-10,6739152,240967
EU,2020-10-11,6869659,241922
EU,2020-10-12,6972126,242702
EU,2020-10-13,7075761,243724
EU,2020-10-14,7203901,244992
EU,2020-10-15,7355857,246333
EU,2020-10-16,7529245,247664
EU,2020-10-17,7704189,249130
EU,2020-10-18,7876907,250332
EU,2020-10-19,8025345,251398
EU,2020-10-20,8168193,252819
EU,2020-10-21,8354759,254730
EU,2020-10-22,8569945,256556
EU,2020-10-23,8811627,258442
EU,2020-10-24,9063091,260556
EU,2020-10-25,9301637,262403
EU,2020-10-26,9514021,264014
EU,2020-10-27,9714483,265991
EU,2020-10-28,9970680,268903
EU,2020-10-29,10237128,271580
EU,2020-10-30,10527362,274365
EU,2020-10-31,10827951,277458
EU,2020-11-01,11091816,280191
EU,2020-11-02,11326093,282476
EU,2020-11-03,11568637,285347
EU,2020-11-04,11839405,289518
EU,2020-11-05,12139174,293330
EU,2020-11-06,12462468,297253
EU,2020-11-07,12791830,301709
EU,2020-11-08,13127457,305247
EU,2020-11-09,13371714,308060
EU,2020-11-10,13591309,311753
EU,2020-11-11,13854683,317133
EU,2020-11-12,14143520,321825
EU,2020-11-13,14444977,326300
EU,2020-11-14,14736010,331181
EU,2020-11-15,15010219,335282
EU,2020-11-16,15235278,338659
EU,2020-11-17,15443502,342744
EU,2020-11-18,15713068,348570
EU,2020-11-19,15989096,353844
EU,2020-11-20,16266690,358882
EU,2020-11-21,16540641,364688
EU,2020-11-22,16787230,368936
EU,2020-11-23,16983493,372331
EU,2020-11-24,17165688,377017
EU,2020-11-25,17399406,383247
EU,2020-11-26,17642109,388770
EU,2020-11-27,17909443,394228
EU,2020-11-28,18170585,400378
EU,2020-11-29,18405146,404994
EU,2020-11-30,18596610,408598
EU,2020-12-01,18776873,413172
EU,2020-12-02,18992710,419237
EU,2020-12-03,19240024,424828
EU,2020-12-04,19496196,430499
EU,2020-12-05,19749968,436337
EU,2020-12-06,19986566,440835
EU,2020-12-07,20180742,444433
EU,2020-12-08,20361235,448716
EU,2020-12-09,20590681,454655
EU,2020-12-10,20837473,459762
EU,2020-12-11,21103480,465472
EU,2020-12-12,21368453,471175
EU,2020-12-13,21612875,475942
EU,2020-12-14,21815803,479352
EU,2020-12-15,22007143,484078
EU,2020-12-16,22261645,490850
EU,2020-12-17,22537827,496633
EU,2020-12-18,22821646,502272
EU,2020-12-19,23092670,508210
EU,2020-12-20,23338040,512585
EU,2020-12-21,23529312,516034
EU,2020-12-22,23727087,520836
EU,2020-12-23,23978644,527197
EU,2020-12-24,24258702,532967
EU,2020-12-25,24519335,537502
EU,2020-12-26,24728312,541288
EU,2020-12-27,24868343,544475
EU,2020-12-28,25033305,547907
EU,2020-12-29,25224235,552861
EU,2020-12-30,25469807,559704
EU,2020-12-31,25800650,565781
EU,2021-01-01,26105018,571044
EU,2021-01-02,26333418,574819
EU,2021-01-03,26488256,578218
EU,2021-01-04,26683297,581477
EU,2021-01-05,26891535,586525
EU,2021-01-06,27187614,593020
EU,2021-01-07,27508824,598704
EU,2021-01-08,27784231,604298
EU,2021-01-09,28057412,610662
EU,2021-01-10,28307115,615145
EU,2021-01-11,28507364,618653
EU,2021-01-12,28680859,624029
EU,2021-01-13,28934211,630508
EU,2021-01-14,29208014,637037
EU,2021-01-15,29466965,643076
EU,2021-01-16,29712763,649339
EU,2021-01-17,29942091,654202
EU,2021-01-18,30109105,657698
EU,2021-01-19,30258500,662826
EU,2021-01-20,30482011,670165
EU,2021-01-21,30728615,677121
EU,2021-01-22,30960895,683198
EU,2021-01-23,31184605,689616
EU,2021-01-24,31393634,694646
EU,2021-01-25,31545165,698132
EU,2021-01-26,31668857,703187
EU,2021-01-27,31865139,710236
EU,2021-01-28,32090444,716835
EU,2021-01-29,32303024,722690
EU,2021-01-30,32500195,728897
EU,2021-01-31,32683245,733619
EU,2021-02-01,32820511,736979
EU,2021-02-02,32933149,741744
EU,2021-02-03,33100033,748409
EU,2021-02-04,33291571,754301
EU,2021-02-05,33471339,759697
EU,2021-02-06,33641176,765048
EU,2021-02-07,33793687,768824
EU,2021-02-08,33909358,771683
EU,2021-02-09,34004011,775659
EU,2021-02-10,34144883,781449
EU,2021-02-11,34307996,786454
EU,2021-02-12,34462976,790869
EU,2021-02-13,34611809,795484
EU,2021-02-14,34744952,798667
EU,2021-02-15,34845055,801088
EU,2021-02-16,34935213,804573
EU,2021-02-17,35073990,809122
EU,2021-02-18,35228888,813375
EU,2021-02-19,35384373,817098
EU,2021-02-20,35539727,821080
EU,2021-02-21,35679135,823702
EU,2021-02-22,35791059,825659
EU,2021-02-23,35892418,828812
EU,2021-02-24,36047657,832759
EU,2021-02-25,36225906,836221
EU,2021-02-26,36399205,839553
EU,2021-02-27,36572226,843133
EU,2021-02-28,36722883,845653
EU,2021-03-01,36840374,847540
EU,2021-03-02,36949360,850624
EU,2021-03-03,37119058,854404
EU,2021-03-04,37308654,858016
EU,2021-03-05,37492584,861262
EU,2021-03-06,37659152,864292
EU,2021-03-07,37838723,866874
EU,2021-03-08,37962382,868801
EU,2021-03-09,38080870,871728
EU,2021-03-10,38258323,875440
EU,2021-03-11,38464209,878962
EU,2021-03-12,38668152,882340
EU,2021-03-13,38879778,885728
EU,2021-03-14,39070019,888122
EU,2021-03-15,39218960,890134
EU,2021-03-16,39359726,893499
EU,2021-03-17,39566774,897287
EU,2021-03-18,39808112,900771
EU,2021-03-19,40049852,904178
EU,2021-03-20,40290570,907503
EU,2021-03-21,40508951,910040
EU,2021-03-22,40676484,912181
EU,2021-03-23,40869159,915766
EU,2021-03-24,41095489,919782
EU,2021-03-25,41358913,923546
EU,2021-03-26,41636917,927070
EU,2021-03-27,41902226,931065
EU,2021-03-28,42145401,933713
EU,2021-03-29,42331100,935946
EU,2021-03-30,42503151,939635
EU,2021-03-31,42740367,944004
EU,2021-04-01,43041815,947942
EU,2021-04-02,43327561,951916
EU,2021-04-03,43593059,955704
EU,2021-04-04,43794872,958412
EU,2021-04-05,44007272,960943
EU,2021-04-06,44154730,963812
EU,2021-04-07,44376818,968265
EU,2021-04-08,44635738,973152
EU,2021-04-09,44899735,977625
EU,2021-04-10,45170435,982119
EU,2021-04-11,45412040,984966
EU,2021-04-12,45603391,987537
EU,2021-04-13,45772734,991569
EU,2021-04-14,46017924,996094
EU,2021-04-15,46289470,1000298
EU,2021-04-16,46548925,1004266
EU,2021-04-17,46799235,1008191
EU,2021-04-18,47019711,1010853
EU,2021-04-19,47184566,1013288
EU,2021-04-20,47352446,1017384
EU,2021-04-21,47587460,1021678
EU,2021-04-22,47831806,1025721
EU,2021-04-23,48055774,1029405
"NA",2020-01-03,0,0
"NA",2020-01-04,0,0
"NA",2020-01-05,0,0
"NA",2020-01-06,0,0
"NA",2020-01-07,0,0
"NA",2020-01-08,0,0
"NA",2020-01-09,0,0
"NA",2020-01-10,0,0
"NA",2020-01-11,0,0
"NA",2020-01-12,0,0
"NA",2020-01-13,0,0
"NA",2020-01-14,0,0
"NA",2020-01-15,0,0
"NA",2020-01-16,0,0
"NA",2020-01-17,0,0
"NA",2020-01-18,0,0
"NA",2020-01-19,0,0
"NA",2020-01-20,5,0
"NA",2020-01-21,5,0
"NA",2020-01-22,5,0
"NA",2020-01-23,5,0
"NA",2020-01-24,6,0
"NA",2020-01-25,6,0
"NA",2020-01-26,14,0
"NA",2020-01-27,15,0
"NA",2020-01-28,16,0
"NA",2020-01-29,16,0
"NA",2020-01-30,17,0
"NA",2020-01-31,19,0
"NA",2020-02-01,20,0
"NA",2020-02-02,20,0
"NA",2020-02-03,22,0
"NA",2020-02-04,23,0
"NA",2020-02-05,24,0
"NA",2020-02-06,25,0
"NA",2020-02-07,27,0
"NA",2020-02-08,27,0
"NA",2020-02-09,27,0
"NA",2020-02-10,27,0
"NA",2020-02-11,28,0
"NA",2020-02-12,28,0
"NA",2020-02-13,29,0
"NA",2020-02-14,30,0
"NA",2020-02-15,30,0
"NA",2020-02-16,30,0
"NA",2020-02-17,31,0
"NA",2020-02-18,31,0
"NA",2020-02-19,31,0
"NA",2020-02-20,31,0
"NA",2020-02-21,50,0
"NA",2020-02-22,52,0
"NA",2020-02-23,52,0
"NA",2020-02-24,71,0
"NA",2020-02-25,71,0
"NA",2020-02-26,78,0
"NA",2020-02-27,78,0
"NA",2020-02-28,90,0
"NA",2020-02-29,90,0
"NA",2020-03-01,95,0
"NA",2020-03-02,117,0
"NA",2020-03-03,123,1
"NA",2020-03-04,188,5
"NA",2020-03-05,192,9
"NA",2020-03-06,291,10
"NA",2020-03-07,299,11
"NA",2020-03-08,319,11
"NA",2020-03-09,584,19
"NA",2020-03-10,837,25
"NA",2020-03-11,851,27
"NA",2020-03-12,1168,31
"NA",2020-03-13,1534,38
"NA",2020-03-14,2024,43
"NA",2020-03-15,2182,44
"NA",2020-03-16,2277,45
"NA",2020-03-17,4345,63
"NA",2020-03-18,5398,92
"NA",2020-03-19,11690,167
"NA",2020-03-20,16794,220
"NA",2020-03-21,16975,225
"NA",2020-03-22,17003,225
"NA",2020-03-23,33957,435
"NA",2020-03-24,45070,510
"NA",2020-03-25,55310,722
"NA",2020-03-26,69171,952
"NA",2020-03-27,74202,1060
"NA",2020-03-28,92031,1335
"NA",2020-03-29,111223,1786
"NA",2020-03-30,131819,2246
"NA",2020-03-31,151310,2578
"NA",2020-04-01,175673,3076
"NA",2020-04-02,201761,4117
"NA",2020-04-03,229768,5109
"NA",2020-04-04,260063,6230
"NA",2020-04-05,293948,7476
"NA",2020-04-06,328866,8867
"NA",2020-04-07,358256,10188
"NA",2020-04-08,389721,11580
"NA",2020-04-09,423496,13557
"NA",2020-04-10,456968,15621
"NA",2020-04-11,494556,17656
"NA",2020-04-12,528554,19706
"NA",2020-04-13,562553,21805
"NA",2020-04-14,593889,23437
"NA",2020-04-15,620363,25081
"NA",2020-04-16,648554,27702
"NA",2020-04-17,679592,34272
"NA",2020-04-18,715176,36554
"NA",2020-04-19,748119,39184
"NA",2020-04-20,779137,41242
"NA",2020-04-21,809703,43206
"NA",2020-04-22,838265,45528
"NA",2020-04-23,865125,48415
"NA",2020-04-24,897736,51092
"NA",2020-04-25,932030,53121
"NA",2020-04-26,973920,55608
"NA",2020-04-27,1009423,57815
"NA",2020-04-28,1041550,59114
"NA",2020-04-29,1067224,60681
"NA",2020-04-30,1090924,62984
"NA",2020-05-01,1125794,66249
"NA",2020-05-02,1161255,68554
"NA",2020-05-03,1192357,73911
"NA",2020-05-04,1230415,74451
"NA",2020-05-05,1262130,74098
"NA",2020-05-06,1281815,75193
"NA",2020-05-07,1307224,78121
"NA",2020-05-08,1333286,80487
"NA",2020-05-09,1367877,83799
"NA",2020-05-10,1398000,85775
"NA",2020-05-11,1428766,87821
"NA",2020-05-12,1456126,89113
"NA",2020-05-13,1477434,90453
"NA",2020-05-14,1502466,92413
"NA",2020-05-15,1527211,94561
"NA",2020-05-16,1559124,97049
"NA",2020-05-17,1586507,98769
"NA",2020-05-18,1622612,100563
"NA",2020-05-19,1640075,101517
"NA",2020-05-20,1669242,102675
"NA",2020-05-21,1697436,104456
"NA",2020-05-22,1724292,106400
"NA",2020-05-23,1750094,108051
"NA",2020-05-24,1779707,110502
"NA",2020-05-25,1811920,111860
"NA",2020-05-26,1832415,112788
"NA",2020-05-27,1861980,113750
"NA",2020-05-28,1884631,115166
"NA",2020-05-29,1910218,117201
"NA",2020-05-30,1937353,119057
"NA",2020-05-31,1960979,120612
"NA",2020-06-01,1989839,122019
"NA",2020-06-02,2021600,123102
"NA",2020-06-03,2041180,124176
"NA",2020-06-04,2072338,125804
"NA",2020-06-05,2093384,127890
"NA",2020-06-06,2120206,129889
"NA",2020-06-07,2155852,131774
"NA",2020-06-08,2190840,132929
"NA",2020-06-09,2214675,133657
"NA",2020-06-10,2237509,134631
"NA",2020-06-11,2261720,136554
"NA",2020-06-12,2289809,138233
"NA",2020-06-13,2319222,139847
"NA",2020-06-14,2349424,141160
"NA",2020-06-15,2381295,142338
"NA",2020-06-16,2409672,143063
"NA",2020-06-17,2434225,144078
"NA",2020-06-18,2469646,145638
"NA",2020-06-19,2500961,147260
"NA",2020-06-20,2532804,148753
"NA",2020-06-21,2578288,150204
"NA",2020-06-22,2619276,151276
"NA",2020-06-23,2655368,152694
"NA",2020-06-24,2689572,153949
"NA",2020-06-25,2733509,155637
"NA",2020-06-26,2779470,157365
"NA",2020-06-27,2830234,160710
"NA",2020-06-28,2883565,162208
"NA",2020-06-29,2936398,163403
"NA",2020-06-30,2985373,164621
"NA",2020-07-01,3029390,165575
"NA",2020-07-02,3082468,166883
"NA",2020-07-03,3146471,168474
"NA",2020-07-04,3211339,169951
"NA",2020-07-05,3275143,171475
"NA",2020-07-06,3344498,172293
"NA",2020-07-07,3398075,172892
"NA",2020-07-08,3453222,173804
"NA",2020-07-09,3514520,175748
"NA",2020-07-10,3590585,177661
"NA",2020-07-11,3662316,179308
"NA",2020-07-12,3740586,180940
"NA",2020-07-13,3814340,182511
"NA",2020-07-14,3883813,183190
"NA",2020-07-15,3952186,184125
"NA",2020-07-16,4025427,185863
"NA",2020-07-17,4104532,187519
"NA",2020-07-18,4188503,189226
"NA",2020-07-19,4275825,191041
"NA",2020-07-20,4359833,192606
"NA",2020-07-21,4434018,193520
"NA",2020-07-22,4502679,194427
"NA",2020-07-23,4577522,196543
"NA",2020-07-24,4659334,198529
"NA",2020-07-25,4745992,200481
"NA",2020-07-26,4834891,202530
"NA",2020-07-27,4912312,204319
"NA",2020-07-28,4984597,205332
"NA",2020-07-29,5049444,206957
"NA",2020-07-30,5122141,209189
"NA",2020-07-31,5199700,211239
"NA",2020-08-01,5280889,213274
"NA",2020-08-02,5364105,215452
"NA",2020-08-03,5436766,217495
"NA",2020-08-04,5493495,218317
"NA",2020-08-05,5552885,219432
"NA",2020-08-06,5614751,221519
"NA",2020-08-07,5679483,223822
"NA",2020-08-08,5747847,226023
"NA",2020-08-09,5822535,228290
"NA",2020-08-10,5888083,230146
"NA",2020-08-11,5945270,231106
"NA",2020-08-12,5996295,232469
"NA",2020-08-13,6064017,234749
"NA",2020-08-14,6131272,237111
"NA",2020-08-15,6198335,239036
"NA",2020-08-16,6265013,240962
"NA",2020-08-17,6330544,242841
"NA",2020-08-18,6381176,243790
"NA",2020-08-19,6429253,244673
"NA",2020-08-20,6477430,246689
"NA",2020-08-21,6534257,248895
"NA",2020-08-22,6590804,250705
"NA",2020-08-23,6648716,252492
"NA",2020-08-24,6704872,254227
"NA",2020-08-25,6751753,255091
"NA",2020-08-26,6793664,255930
"NA",2020-08-27,6840480,257853
"NA",2020-08-28,6896991,259839
"NA",2020-08-29,6955288,261671
"NA",2020-08-30,7010813,263302
"NA",2020-08-31,7065694,265061
"NA",2020-09-01,7110110,265963
"NA",2020-09-02,7151920,266758
"NA",2020-09-03,7206582,268728
"NA",2020-09-04,7256529,270442
"NA",2020-09-05,7311524,272136
"NA",2020-09-06,7373346,273776
"NA",2020-09-07,7429055,275213
"NA",2020-09-08,7471842,275976
"NA",2020-09-09,7505715,276492
"NA",2020-09-10,7540855,277740
"NA",2020-09-11,7583381,279542
"NA",2020-09-12,7630296,281274
"NA",2020-09-13,7687057,282916
"NA",2020-09-14,7739228,284226
"NA",2020-09-15,7783432,285033
"NA",2020-09-16,7826699,285724
"NA",2020-09-17,7869912,287395
"NA",2020-09-18,7921771,289015
"NA",2020-09-19,7973950,290177
"NA",2020-09-20,8034594,291901
"NA",2020-09-21,8087340,293113
"NA",2020-09-22,8132963,293693
"NA",2020-09-23,8181614,294446
"NA",2020-09-24,8240686,295991
"NA",2020-09-25,8292047,297807
"NA",2020-09-26,8345832,299308
"NA",2020-09-27,8407921,300674
"NA",2020-09-28,8468589,302000
"NA",2020-09-29,8513238,302555
"NA",2020-09-30,8556097,303063
"NA",2020-10-01,8605475,304505
"NA",2020-10-02,8661975,306115
"NA",2020-10-03,8720539,307567
"NA",2020-10-04,8781665,308964
"NA",2020-10-05,8841417,310174
"NA",2020-10-06,8887543,310858
"NA",2020-10-07,8936361,311479
"NA",2020-10-08,8987218,312716
"NA",2020-10-09,9050934,314064
"NA",2020-10-10,9142847,318152
"NA",2020-10-11,9213688,319590
"NA",2020-10-12,9277725,320396
"NA",2020-10-13,9331905,321086
"NA",2020-10-14,9385926,321676
"NA",2020-10-15,9446203,322998
"NA",2020-10-16,9517234,324383
"NA",2020-10-17,9593152,325803
"NA",2020-10-18,9676360,327334
"NA",2020-10-19,9741119,328372
"NA",2020-10-20,9797335,329019
"NA",2020-10-21,9867691,329761
"NA",2020-10-22,9940216,331265
"NA",2020-10-23,10018169,332973
"NA",2020-10-24,10105570,334556
"NA",2020-10-25,10202155,336011
"NA",2020-10-26,10298145,337393
"NA",2020-10-27,10370656,338018
"NA",2020-10-28,10445415,338834
"NA",2020-10-29,10530841,340474
"NA",2020-10-30,10624983,342135
"NA",2020-10-31,10728393,343762
"NA",2020-11-01,10842044,345386
"NA",2020-11-02,10935266,346754
"NA",2020-11-03,11022334,347421
"NA",2020-11-04,11117930,348222
"NA",2020-11-05,11220077,349956
"NA",2020-11-06,11338833,351857
"NA",2020-11-07,11469336,353655
"NA",2020-11-08,11582343,355521
"NA",2020-11-09,11724214,357179
"NA",2020-11-10,11842355,357969
"NA",2020-11-11,11977341,358964
"NA",2020-11-12,12125662,361577
"NA",2020-11-13,12285872,363755
"NA",2020-11-14,12495800,365674
"NA",2020-11-15,12692433,367778
"NA",2020-11-16,12862080,369754
"NA",2020-11-17,13011404,370797
"NA",2020-11-18,13175456,372011
"NA",2020-11-19,13350260,373941
"NA",2020-11-20,13528415,376465
"NA",2020-11-21,13727020,379232
"NA",2020-11-22,13935413,381938
"NA",2020-11-23,14134701,384069
"NA",2020-11-24,14299127,385345
"NA",2020-11-25,14476827,386802
"NA",2020-11-26,14662257,389768
"NA",2020-11-27,14864694,393068
"NA",2020-11-28,15026786,395244
"NA",2020-11-29,15226441,397325
"NA",2020-11-30,15388851,399249
"NA",2020-12-01,15558027,400442
"NA",2020-12-02,15728431,402134
"NA",2020-12-03,15925246,405558
"NA",2020-12-04,16145458,409299
"NA",2020-12-05,16388357,412940
"NA",2020-12-06,16626541,416224
"NA",2020-12-07,16856352,419267
"NA",2020-12-08,17050374,420811
"NA",2020-12-09,17255322,422875
"NA",2020-12-10,17494748,426421
"NA",2020-12-11,17751079,430835
"NA",2020-12-12,17978953,434478
"NA",2020-12-13,18248754,438405
"NA",2020-12-14,18486143,441551
"NA",2020-12-15,18686636,443394
"NA",2020-12-16,18909814,445731
"NA",2020-12-17,19134903,449719
"NA",2020-12-18,19394787,454074
"NA",2020-12-19,19651236,458477
"NA",2020-12-20,20081441,462214
"NA",2020-12-21,20308391,465663
"NA",2020-12-22,20524352,467745
"NA",2020-12-23,20725594,470087
"NA",2020-12-24,20946159,474340
"NA",2020-12-25,21193802,478768
"NA",2020-12-26,21412969,482653
"NA",2020-12-27,21576676,485084
"NA",2020-12-28,21774945,486839
"NA",2020-12-29,21939827,488878
"NA",2020-12-30,22133949,491301
"NA",2020-12-31,22361237,495966
"NA",2021-01-01,22622162,500995
"NA",2021-01-02,22880200,505433
"NA",2021-01-03,23072664,508782
"NA",2021-01-04,23374618,511615
"NA",2021-01-05,23602802,513501
"NA",2021-01-06,23800194,516165
"NA",2021-01-07,24053460,521040
"NA",2021-01-08,24385853,526306
"NA",2021-01-09,24696529,531912
"NA",2021-01-10,25044213,536829
"NA",2021-01-11,25325322,541641
"NA",2021-01-12,25570926,544419
"NA",2021-01-13,25793221,547354
"NA",2021-01-14,26041354,553048
"NA",2021-01-15,26299171,558662
"NA",2021-01-16,26558974,563855
"NA",2021-01-17,26842229,568957
"NA",2021-01-18,27090001,574000
"NA",2021-01-19,27300925,576678
"NA",2021-01-20,27464133,579026
"NA",2021-01-21,27648353,583189
"NA",2021-01-22,27870968,589460
"NA",2021-01-23,28095514,595560
"NA",2021-01-24,28321574,601240
"NA",2021-01-25,28525740,606368
"NA",2021-01-26,28689063,609047
"NA",2021-01-27,28842703,611864
"NA",2021-01-28,29019612,617591
"NA",2021-01-29,29204243,623607
"NA",2021-01-30,29392916,629384
"NA",2021-01-31,29586459,634621
"NA",2021-02-01,29754532,639247
"NA",2021-02-02,29883353,641850
"NA",2021-02-03,30024302,644494
"NA",2021-02-04,30154510,648567
"NA",2021-02-05,30297979,654331
"NA",2021-02-06,30447085,661478
"NA",2021-02-07,30601017,666648
"NA",2021-02-08,30729879,671185
"NA",2021-02-09,30835420,673227
"NA",2021-02-10,30934154,675573
"NA",2021-02-11,31043895,680317
"NA",2021-02-12,31161231,685500
"NA",2021-02-13,31282464,690778
"NA",2021-02-14,31402030,697805
"NA",2021-02-15,31507137,702508
"NA",2021-02-16,31546272,704404
"NA",2021-02-17,31651294,706168
"NA",2021-02-18,31727126,709061
"NA",2021-02-19,31813023,712879
"NA",2021-02-20,31898934,716515
"NA",2021-02-21,31988619,720088
"NA",2021-02-22,32075059,723185
"NA",2021-02-23,32140343,724922
"NA",2021-02-24,32205547,727063
"NA",2021-02-25,32293190,730631
"NA",2021-02-26,32382723,734185
"NA",2021-02-27,32473595,738455
"NA",2021-02-28,32561539,741488
"NA",2021-03-01,32645213,744224
"NA",2021-03-02,32704032,745836
"NA",2021-03-03,32763997,747658
"NA",2021-03-04,32837778,750952
"NA",2021-03-05,32918020,753902
"NA",2021-03-06,32999884,756691
"NA",2021-03-07,33082178,759758
"NA",2021-03-08,33152294,762283
"NA",2021-03-09,33202872,763492
"NA",2021-03-10,33339964,764792
"NA",2021-03-11,33407194,767271
"NA",2021-03-12,33482701,769577
"NA",2021-03-13,33557670,771911
"NA",2021-03-14,33635260,774102
"NA",2021-03-15,33700635,775890
"NA",2021-03-16,33749869,776776
"NA",2021-03-17,33812637,777880
"NA",2021-03-18,33872454,779151
"NA",2021-03-19,33943903,781147
"NA",2021-03-20,34018777,783484
"NA",2021-03-21,34095785,785728
"NA",2021-03-22,34170143,787191
"NA",2021-03-23,34218112,787955
"NA",2021-03-24,34286358,789274
"NA",2021-03-25,34358705,790931
"NA",2021-03-26,34439708,792908
"NA",2021-03-27,34524965,795000
"NA",2021-03-28,34612179,797044
"NA",2021-03-29,34687679,798552
"NA",2021-03-30,34744664,799384
"NA",2021-03-31,34820419,800299
"NA",2021-04-01,34897371,802045
"NA",2021-04-02,34981260,803754
"NA",2021-04-03,35072864,805253
"NA",2021-04-04,35152479,808161
"NA",2021-04-05,35232621,809288
"NA",2021-04-06,35285609,809861
"NA",2021-04-07,35360301,810595
"NA",2021-04-08,35442086,812107
"NA",2021-04-09,35535105,813686
"NA",2021-04-10,35631443,815337
"NA",2021-04-11,35735184,817304
"NA",2021-04-12,35822918,820391
"NA",2021-04-13,35887158,820958
"NA",2021-04-14,35966548,822072
"NA",2021-04-15,36064755,823629
"NA",2021-04-16,36157341,825047
"NA",2021-04-17,36252491,826561
"NA",2021-04-18,36349134,828086
"NA",2021-04-19,36428876,829527
"NA",2021-04-20,36480532,830034
"NA",2021-04-21,36555338,830829
"NA",2021-04-22,36633979,832321
"NA",2021-04-23,36715158,833852
OC,2020-01-03,0,0
OC,2020-01-04,0,0
OC,2020-01-05,0,0
OC,2020-01-06,0,0
OC,2020-01-07,0,0
OC,2020-01-08,0,0
OC,2020-01-09,0,0
OC,2020-01-10,0,0
OC,2020-01-11,0,0
OC,2020-01-12,0,0
OC,2020-01-13,0,0
OC,2020-01-14,0,0
OC,2020-01-15,0,0
OC,2020-01-16,0,0
OC,2020-01-17,0,0
OC,2020-01-18,0,0
OC,2020-01-19,0,0
OC,2020-01-20,0,0
OC,2020-01-21,0,0
OC,2020-01-22,0,0
OC,2020-01-23,0,0
OC,2020-01-24,0,0
OC,2020-01-25,1,0
OC,2020-01-26,4,0
OC,2020-01-27,4,0
OC,2020-01-28,5,0
OC,2020-01-29,5,0
OC,2020-01-30,7,0
OC,2020-01-31,9,0
OC,2020-02-01,9,0
OC,2020-02-02,12,0
OC,2020-02-03,12,0
OC,2020-02-04,12,0
OC,2020-02-05,13,0
OC,2020-02-06,14,0
OC,2020-02-07,15,0
OC,2020-02-08,15,0
OC,2020-02-09,15,0
OC,2020-02-10,15,0
OC,2020-02-11,15,0
OC,2020-02-12,15,0
OC,2020-02-13,15,0
OC,2020-02-14,15,0
OC,2020-02-15,15,0
OC,2020-02-16,15,0
OC,2020-02-17,15,0
OC,2020-02-18,15,0
OC,2020-02-19,15,0
OC,2020-02-20,15,0
OC,2020-02-21,15,0
OC,2020-02-22,21,0
OC,2020-02-23,22,0
OC,2020-02-24,22,0
OC,2020-02-25,22,0
OC,2020-02-26,23,0
OC,2020-02-27,23,0
OC,2020-02-28,24,0
OC,2020-02-29,26,0
OC,2020-03-01,26,1
OC,2020-03-02,30,1
OC,2020-03-03,30,1
OC,2020-03-04,35,2
OC,2020-03-05,46,2
OC,2020-03-06,61,2
OC,2020-03-07,68,2
OC,2020-03-08,75,3
OC,2020-03-09,82,3
OC,2020-03-10,98,3
OC,2020-03-11,106,3
OC,2020-03-12,130,3
OC,2020-03-13,148,3
OC,2020-03-14,206,3
OC,2020-03-15,260,3
OC,2020-03-16,309,3
OC,2020-03-17,354,5
OC,2020-03-18,445,6
OC,2020-03-19,615,6
OC,2020-03-20,761,7
OC,2020-03-21,961,7
OC,2020-03-22,1187,7
OC,2020-03-23,1556,8
OC,2020-03-24,1918,8
OC,2020-03-25,2514,9
OC,2020-03-26,2772,9
OC,2020-03-27,3418,14
OC,2020-03-28,3900,14
OC,2020-03-29,4396,16
OC,2020-03-30,4759,18
OC,2020-03-31,5076,20
OC,2020-04-01,5488,23
OC,2020-04-02,5841,25
OC,2020-04-03,6151,28
OC,2020-04-04,6435,33
OC,2020-04-05,6679,40
OC,2020-04-06,6847,40
OC,2020-04-07,6984,48
OC,2020-04-08,7135,52
OC,2020-04-09,7266,57
OC,2020-04-10,7392,60
OC,2020-04-11,7501,64
OC,2020-04-12,7569,68
OC,2020-04-13,7619,73
OC,2020-04-14,7674,77
OC,2020-04-15,7733,77
OC,2020-04-16,7781,79
OC,2020-04-17,7799,81
OC,2020-04-18,7874,85
OC,2020-04-19,7928,87
OC,2020-04-20,7961,89
OC,2020-04-21,7978,91
OC,2020-04-22,8004,95
OC,2020-04-23,8015,97
OC,2020-04-24,8031,100
OC,2020-04-25,8056,104
OC,2020-04-26,8076,106
OC,2020-04-27,8087,109
OC,2020-04-28,8103,110
OC,2020-04-29,8120,114
OC,2020-04-30,8132,116
OC,2020-05-01,8152,118
OC,2020-05-02,8159,120
OC,2020-05-03,8179,120
OC,2020-05-04,8199,122
OC,2020-05-05,8223,122
OC,2020-05-06,8250,124
OC,2020-05-07,8280,125
OC,2020-05-08,8303,125
OC,2020-05-09,8322,125
OC,2020-05-10,8340,125
OC,2020-05-11,8355,125
OC,2020-05-12,8365,125
OC,2020-05-13,8382,125
OC,2020-05-14,8393,126
OC,2020-05-15,8409,126
OC,2020-05-16,8439,126
OC,2020-05-17,8457,126
OC,2020-05-18,8468,126
OC,2020-05-19,8487,127
OC,2020-05-20,8495,127
OC,2020-05-21,8517,128
OC,2020-05-22,8521,128
OC,2020-05-23,8535,129
OC,2020-05-24,8547,130
OC,2020-05-25,8550,130
OC,2020-05-26,8559,130
OC,2020-05-27,8576,130
OC,2020-05-28,8583,131
OC,2020-05-29,8596,131
OC,2020-05-30,8619,131
OC,2020-05-31,8632,131
OC,2020-06-01,8642,131
OC,2020-06-02,8652,131
OC,2020-06-03,8671,131
OC,2020-06-04,8682,131
OC,2020-06-05,8697,131
OC,2020-06-06,8708,131
OC,2020-06-07,8712,131
OC,2020-06-08,8718,131
OC,2020-06-09,8724,131
OC,2020-06-10,8730,131
OC,2020-06-11,8732,131
OC,2020-06-12,8750,131
OC,2020-06-13,8757,131
OC,2020-06-14,8770,131
OC,2020-06-15,8788,131
OC,2020-06-16,8806,131
OC,2020-06-17,8818,131
OC,2020-06-18,8844,131
OC,2020-06-19,8870,131
OC,2020-06-20,8897,131
OC,2020-06-21,8947,131
OC,2020-06-22,8976,131
OC,2020-06-23,8993,131
OC,2020-06-24,9013,131
OC,2020-06-25,9052,132
OC,2020-06-26,9105,133
OC,2020-06-27,9147,133
OC,2020-06-28,9199,133
OC,2020-06-29,9246,133
OC,2020-06-30,9334,133
OC,2020-07-01,9405,133
OC,2020-07-02,9514,133
OC,2020-07-03,9596,133
OC,2020-07-04,9856,133
OC,2020-07-05,9968,133
OC,2020-07-06,10057,133
OC,2020-07-07,10209,135
OC,2020-07-08,10383,135
OC,2020-07-09,10521,135
OC,2020-07-10,10699,135
OC,2020-07-11,11000,135
OC,2020-07-12,11202,136
OC,2020-07-13,11448,137
OC,2020-07-14,11632,137
OC,2020-07-15,11910,137
OC,2020-07-16,12156,140
OC,2020-07-17,12477,142
OC,2020-07-18,12903,145
OC,2020-07-19,13113,147
OC,2020-07-20,13481,151
OC,2020-07-21,13750,152
OC,2020-07-22,14128,155
OC,2020-07-23,14604,157
OC,2020-07-24,15021,162
OC,2020-07-25,15311,168
OC,2020-07-26,15674,174
OC,2020-07-27,16151,184
OC,2020-07-28,16696,190
OC,2020-07-29,17069,196
OC,2020-07-30,17352,206
OC,2020-07-31,18077,220
OC,2020-08-01,18693,228
OC,2020-08-02,19094,232
OC,2020-08-03,19757,240
OC,2020-08-04,20170,253
OC,2020-08-05,20588,264
OC,2020-08-06,21356,279
OC,2020-08-07,21793,288
OC,2020-08-08,22248,299
OC,2020-08-09,22676,311
OC,2020-08-10,23088,328
OC,2020-08-11,23409,346
OC,2020-08-12,23788,364
OC,2020-08-13,24313,385
OC,2020-08-14,24588,394
OC,2020-08-15,25037,408
OC,2020-08-16,25356,412
OC,2020-08-17,25666,429
OC,2020-08-18,26051,454
OC,2020-08-19,26304,471
OC,2020-08-20,26584,483
OC,2020-08-21,26965,498
OC,2020-08-22,27251,508
OC,2020-08-23,27502,521
OC,2020-08-24,27811,538
OC,2020-08-25,28032,553
OC,2020-08-26,28294,562
OC,2020-08-27,28607,588
OC,2020-08-28,28885,612
OC,2020-08-29,29143,624
OC,2020-08-30,29312,641
OC,2020-08-31,29489,652
OC,2020-09-01,29673,693
OC,2020-09-02,29829,701
OC,2020-09-03,30019,707
OC,2020-09-04,30265,722
OC,2020-09-05,30458,784
OC,2020-09-06,30621,797
OC,2020-09-07,30725,802
OC,2020-09-08,30811,813
OC,2020-09-09,30964,822
OC,2020-09-10,31142,835
OC,2020-09-11,31356,845
OC,2020-09-12,31450,855
OC,2020-09-13,31590,863
OC,2020-09-14,31673,872
OC,2020-09-15,31798,878
OC,2020-09-16,31920,882
OC,2020-09-17,32075,891
OC,2020-09-18,32176,900
OC,2020-09-19,32302,907
OC,2020-09-20,32426,915
OC,2020-09-21,32475,921
OC,2020-09-22,32570,924
OC,2020-09-23,32648,932
OC,2020-09-24,32806,938
OC,2020-09-25,32846,941
OC,2020-09-26,32999,952
OC,2020-09-27,33087,955
OC,2020-09-28,33114,957
OC,2020-09-29,33155,964
OC,2020-09-30,33377,972
OC,2020-10-01,33571,978
OC,2020-10-02,33659,980
OC,2020-10-03,33918,984
OC,2020-10-04,34015,988
OC,2020-10-05,34032,990
OC,2020-10-06,34368,994
OC,2020-10-07,34459,995
OC,2020-10-08,34650,1000
OC,2020-10-09,34749,1001
OC,2020-10-10,35164,1001
OC,2020-10-11,35249,1002
OC,2020-10-12,35296,1004
OC,2020-10-13,35917,1005
OC,2020-10-14,36046,1007
OC,2020-10-15,36481,1014
OC,2020-10-16,36596,1016
OC,2020-10-17,36942,1017
OC,2020-10-18,37045,1020
OC,2020-10-19,37111,1020
OC,2020-10-20,38012,1023
OC,2020-10-21,38198,1024
OC,2020-10-22,38846,1029
OC,2020-10-23,38967,1029
OC,2020-10-24,39778,1030
OC,2020-10-25,39828,1032
OC,2020-10-26,39900,1032
OC,2020-10-27,40658,1042
OC,2020-10-28,40754,1042
OC,2020-10-29,41592,1049
OC,2020-10-30,41680,1050
OC,2020-10-31,41777,1051
OC,2020-11-01,41844,1051
OC,2020-11-02,41863,1051
OC,2020-11-03,43269,1060
OC,2020-11-04,43692,1061
OC,2020-11-05,44126,1065
OC,2020-11-06,44709,1069
OC,2020-11-07,45031,1070
OC,2020-11-08,45080,1071
OC,2020-11-09,45212,1072
OC,2020-11-10,46134,1082
OC,2020-11-11,46614,1086
OC,2020-11-12,47072,1086
OC,2020-11-13,47346,1086
OC,2020-11-14,47648,1089
OC,2020-11-15,47701,1089
OC,2020-11-16,47874,1090
OC,2020-11-17,48372,1097
OC,2020-11-18,48686,1104
OC,2020-11-19,49038,1105
OC,2020-11-20,49347,1106
OC,2020-11-21,49558,1109
OC,2020-11-22,49610,1110
OC,2020-11-23,49698,1112
OC,2020-11-24,50084,1117
OC,2020-11-25,50407,1120
OC,2020-11-26,50745,1122
OC,2020-11-27,50908,1126
OC,2020-11-28,51149,1128
OC,2020-11-29,51177,1128
OC,2020-11-30,51235,1128
OC,2020-12-01,51563,1131
OC,2020-12-02,51795,1132
OC,2020-12-03,52010,1133
OC,2020-12-04,52232,1134
OC,2020-12-05,52487,1136
OC,2020-12-06,52512,1136
OC,2020-12-07,52552,1136
OC,2020-12-08,52591,1136
OC,2020-12-09,52842,1143
OC,2020-12-10,52939,1147
OC,2020-12-11,53089,1150
OC,2020-12-12,53247,1151
OC,2020-12-13,53275,1153
OC,2020-12-14,53304,1154
OC,2020-12-15,53451,1160
OC,2020-12-16,53600,1161
OC,2020-12-17,53733,1162
OC,2020-12-18,53946,1165
OC,2020-12-19,54041,1167
OC,2020-12-20,54087,1167
OC,2020-12-21,54139,1167
OC,2020-12-22,54336,1172
OC,2020-12-23,54457,1173
OC,2020-12-24,54550,1174
OC,2020-12-25,54688,1175
OC,2020-12-26,54690,1175
OC,2020-12-27,54741,1175
OC,2020-12-28,54758,1175
OC,2020-12-29,54943,1181
OC,2020-12-30,55070,1181
OC,2020-12-31,55183,1182
OC,2021-01-01,55295,1183
OC,2021-01-02,55323,1183
OC,2021-01-03,55379,1184
OC,2021-01-04,55422,1184
OC,2021-01-05,55523,1191
OC,2021-01-06,55648,1191
OC,2021-01-07,55735,1191
OC,2021-01-08,55818,1192
OC,2021-01-09,55913,1193
OC,2021-01-10,55958,1193
OC,2021-01-11,55983,1193
OC,2021-01-12,56120,1195
OC,2021-01-13,56219,1195
OC,2021-01-14,56336,1195
OC,2021-01-15,56483,1197
OC,2021-01-16,56553,1198
OC,2021-01-17,56595,1199
OC,2021-01-18,56623,1200
OC,2021-01-19,56699,1202
OC,2021-01-20,56745,1202
OC,2021-01-21,56872,1203
OC,2021-01-22,56915,1203
OC,2021-01-23,56970,1203
OC,2021-01-24,56986,1203
OC,2021-01-25,56998,1203
OC,2021-01-26,57077,1205
OC,2021-01-27,57147,1207
OC,2021-01-28,57196,1207
OC,2021-01-29,57248,1207
OC,2021-01-30,57292,1207
OC,2021-01-31,57305,1207
OC,2021-02-01,57327,1207
OC,2021-02-02,57399,1208
OC,2021-02-03,57429,1209
OC,2021-02-04,57473,1209
OC,2021-02-05,57532,1209
OC,2021-02-06,57575,1209
OC,2021-02-07,57593,1209
OC,2021-02-08,57606,1210
OC,2021-02-09,57657,1212
OC,2021-02-10,57687,1212
OC,2021-02-11,57745,1212
OC,2021-02-12,57779,1213
OC,2021-02-13,57798,1213
OC,2021-02-14,57810,1213
OC,2021-02-15,57825,1213
OC,2021-02-16,57895,1214
OC,2021-02-17,57912,1215
OC,2021-02-18,57952,1215
OC,2021-02-19,57985,1215
OC,2021-02-20,58071,1216
OC,2021-02-21,58075,1216
OC,2021-02-22,58127,1216
OC,2021-02-23,58171,1217
OC,2021-02-24,58224,1217
OC,2021-02-25,58268,1219
OC,2021-02-26,58380,1220
OC,2021-02-27,58454,1220
OC,2021-02-28,58486,1222
OC,2021-03-01,58515,1222
OC,2021-03-02,58604,1223
OC,2021-03-03,58670,1224
OC,2021-03-04,58744,1226
OC,2021-03-05,58822,1226
OC,2021-03-06,58887,1228
OC,2021-03-07,58955,1228
OC,2021-03-08,59093,1228
OC,2021-03-09,59194,1234
OC,2021-03-10,59292,1234
OC,2021-03-11,59455,1234
OC,2021-03-12,59665,1234
OC,2021-03-13,59817,1234
OC,2021-03-14,59946,1234
OC,2021-03-15,60071,1239
OC,2021-03-16,60201,1240
OC,2021-03-17,60403,1245
OC,2021-03-18,60635,1250
OC,2021-03-19,60824,1250
OC,2021-03-20,61167,1250
OC,2021-03-21,61471,1251
OC,2021-03-22,61705,1251
OC,2021-03-23,61930,1252
OC,2021-03-24,62310,1255
OC,2021-03-25,62899,1256
OC,2021-03-26,63239,1256
OC,2021-03-27,63482,1263
OC,2021-03-28,63526,1263
OC,2021-03-29,63700,1267
OC,2021-03-30,64011,1274
OC,2021-03-31,64419,1278
OC,2021-04-01,64571,1278
OC,2021-04-02,64967,1278
OC,2021-04-03,65127,1280
OC,2021-04-04,65387,1281
OC,2021-04-05,65575,1281
OC,2021-04-06,65980,1287
OC,2021-04-07,66235,1288
OC,2021-04-08,66485,1288
OC,2021-04-09,66671,1289
OC,2021-04-10,67038,1289
OC,2021-04-11,67151,1289
OC,2021-04-12,67331,1290
OC,2021-04-13,67591,1290
OC,2021-04-14,67791,1293
OC,2021-04-15,68016,1304
OC,2021-04-16,68204,1304
OC,2021-04-17,68405,1306
OC,2021-04-18,68663,1311
OC,2021-04-19,68747,1312
OC,2021-04-20,68947,1313
OC,2021-04-21,69229,1313
OC,2021-04-22,69402,1321
OC,2021-04-23,69663,1321
SA,2020-01-03,0,0
SA,2020-01-04,0,0
SA,2020-01-05,0,0
SA,2020-01-06,0,0
SA,2020-01-07,0,0
SA,2020-01-08,0,0
SA,2020-01-09,0,0
SA,2020-01-10,0,0
SA,2020-01-11,0,0
SA,2020-01-12,0,0
SA,2020-01-13,0,0
SA,2020-01-14,0,0
SA,2020-01-15,0,0
SA,2020-01-16,0,0
SA,2020-01-17,0,0
SA,2020-01-18,0,0
SA,2020-01-19,0,0
SA,2020-01-20,0,0
SA,2020-01-21,0,0
SA,2020-01-22,0,0
SA,2020-01-23,0,0
SA,2020-01-24,0,0
SA,2020-01-25,0,0
SA,2020-01-26,0,0
SA,2020-01-27,0,0
SA,2020-01-28,0,0
SA,2020-01-29,0,0
SA,2020-01-30,0,0
SA,2020-01-31,0,0
SA,2020-02-01,0,0
SA,2020-02-02,0,0
SA,2020-02-03,0,0
SA,2020-02-04,0,0
SA,2020-02-05,0,0
SA,2020-02-06,0,0
SA,2020-02-07,0,0
SA,2020-02-08,0,0
SA,2020-02-09,0,0
SA,2020-02-10,0,0
SA,2020-02-11,0,0
SA,2020-02-12,0,0
SA,2020-02-13,0,0
SA,2020-02-14,0,0
SA,2020-02-15,0,0
SA,2020-02-16,0,0
SA,2020-02-17,0,0
SA,2020-02-18,0,0
SA,2020-02-19,0,0
SA,2020-02-20,0,0
SA,2020-02-21,0,0
SA,2020-02-22,0,0
SA,2020-02-23,0,0
SA,2020-02-24,0,0
SA,2020-02-25,0,0
SA,2020-02-26,5,0
SA,2020-02-27,5,0
SA,2020-02-28,5,0
SA,2020-02-29,10,0
SA,2020-03-01,11,0
SA,2020-03-02,16,0
SA,2020-03-03,27,0
SA,2020-03-04,28,0
SA,2020-03-05,38,0
SA,2020-03-06,49,0
SA,2020-03-07,76,1
SA,2020-03-08,95,1
SA,2020-03-09,104,1
SA,2020-03-10,111,1
SA,2020-03-11,141,1
SA,2020-03-12,177,1
SA,2020-03-13,248,2
SA,2020-03-14,355,3
SA,2020-03-15,413,3
SA,2020-03-16,579,5
SA,2020-03-17,770,5
SA,2020-03-18,1072,6
SA,2020-03-19,1535,10
SA,2020-03-20,2125,15
SA,2020-03-21,2716,27
SA,2020-03-22,2716,27
SA,2020-03-23,3090,30
SA,2020-03-24,4352,47
SA,2020-03-25,5274,72
SA,2020-03-26,6562,92
SA,2020-03-27,6941,95
SA,2020-03-28,8292,122
SA,2020-03-29,9585,147
SA,2020-03-30,10263,171
SA,2020-03-31,11710,206
SA,2020-04-01,13084,257
SA,2020-04-02,15157,381
SA,2020-04-03,17711,491
SA,2020-04-04,19484,572
SA,2020-04-05,21769,711
SA,2020-04-06,23735,813
SA,2020-04-07,25995,909
SA,2020-04-08,27704,1017
SA,2020-04-09,31220,1215
SA,2020-04-10,36204,1417
SA,2020-04-11,42098,1638
SA,2020-04-12,45363,1825
SA,2020-04-13,48167,1954
SA,2020-04-14,51075,2114
SA,2020-04-15,53004,2255
SA,2020-04-16,58573,2540
SA,2020-04-17,64021,2807
SA,2020-04-18,69101,3092
SA,2020-04-19,73747,3370
SA,2020-04-20,78700,3667
SA,2020-04-21,83422,3893
SA,2020-04-22,87010,4093
SA,2020-04-23,92261,4348
SA,2020-04-24,97640,4610
SA,2020-04-25,115484,5101
SA,2020-04-26,120932,5550
SA,2020-04-27,131103,5983
SA,2020-04-28,138062,6325
SA,2020-04-29,145869,6951
SA,2020-04-30,155271,7546
SA,2020-05-01,166128,8133
SA,2020-05-02,179341,8873
SA,2020-05-03,192289,9729
SA,2020-05-04,203346,10459
SA,2020-05-05,215322,10865
SA,2020-05-06,225338,11260
SA,2020-05-07,235610,12042
SA,2020-05-08,252848,12821
SA,2020-05-09,268870,13569
SA,2020-05-10,283253,14500
SA,2020-05-11,300332,15789
SA,2020-05-12,311363,16418
SA,2020-05-13,322179,17112
SA,2020-05-14,338516,18132
SA,2020-05-15,358102,19073
SA,2020-05-16,379956,20075
SA,2020-05-17,403243,21350
SA,2020-05-18,427171,22440
SA,2020-05-19,442818,23150
SA,2020-05-20,464370,24131
SA,2020-05-21,491882,25517
SA,2020-05-22,522731,26646
SA,2020-05-23,552874,28221
SA,2020-05-24,582573,29466
SA,2020-05-25,609538,30658
SA,2020-05-26,637295,31571
SA,2020-05-27,659136,32668
SA,2020-05-28,688181,34016
SA,2020-05-29,722486,35426
SA,2020-05-30,761367,36814
SA,2020-05-31,800782,38163
SA,2020-06-01,850881,39409
SA,2020-06-02,883838,40146
SA,2020-06-03,908281,41135
SA,2020-06-04,950492,42749
SA,2020-06-05,991139,44386
SA,2020-06-06,1035170,46278
SA,2020-06-07,1079029,47620
SA,2020-06-08,1120553,48875
SA,2020-06-09,1151582,50293
SA,2020-06-10,1177671,51232
SA,2020-06-11,1223531,52989
SA,2020-06-12,1270788,54711
SA,2020-06-13,1319309,56593
SA,2020-06-14,1362350,58092
SA,2020-06-15,1400249,59510
SA,2020-06-16,1431943,60511
SA,2020-06-17,1465640,61477
SA,2020-06-18,1545746,63353
SA,2020-06-19,1591571,65257
SA,2020-06-20,1631015,67150
SA,2020-06-21,1701572,68940
SA,2020-06-22,1751251,70495
SA,2020-06-23,1782859,71536
SA,2020-06-24,1817440,72555
SA,2020-06-25,1870631,74528
SA,2020-06-26,1930463,76263
SA,2020-06-27,1986566,78052
SA,2020-06-28,2050413,79723
SA,2020-06-29,2106094,81388
SA,2020-06-30,2151338,82508
SA,2020-07-01,2189206,83743
SA,2020-07-02,2235330,85457
SA,2020-07-03,2299245,87228
SA,2020-07-04,2364149,89143
SA,2020-07-05,2422817,91063
SA,2020-07-06,2476348,92731
SA,2020-07-07,2517482,93844
SA,2020-07-08,2551469,95024
SA,2020-07-09,2611288,96858
SA,2020-07-10,2674131,98709
SA,2020-07-11,2734920,100549
SA,2020-07-12,2799642,102417
SA,2020-07-13,2855545,104066
SA,2020-07-14,2896621,105240
SA,2020-07-15,2931969,106549
SA,2020-07-16,2991428,108438
SA,2020-07-17,3050311,110336
SA,2020-07-18,3117871,113282
SA,2020-07-19,3175280,115161
SA,2020-07-20,3224845,116703
SA,2020-07-21,3268060,118049
SA,2020-07-22,3308451,119382
SA,2020-07-23,3370994,121419
SA,2020-07-24,3462368,127096
SA,2020-07-25,3546321,129218
SA,2020-07-26,3625156,131194
SA,2020-07-27,3697824,133120
SA,2020-07-28,3744367,134319
SA,2020-07-29,3791083,135678
SA,2020-07-30,3858089,137365
SA,2020-07-31,3952476,139882
SA,2020-08-01,4039444,141943
SA,2020-08-02,4112661,143728
SA,2020-08-03,4193835,145667
SA,2020-08-04,4248233,147017
SA,2020-08-05,4288958,148502
SA,2020-08-06,4366454,150489
SA,2020-08-07,4455840,152784
SA,2020-08-08,4542598,154871
SA,2020-08-09,4624727,156786
SA,2020-08-10,4702847,158427
SA,2020-08-11,4752563,159744
SA,2020-08-12,4802768,161258
SA,2020-08-13,4887751,163513
SA,2020-08-14,4978172,165623
SA,2020-08-15,5072881,171447
SA,2020-08-16,5155848,173364
SA,2020-08-17,5231012,174858
SA,2020-08-18,5286020,176205
SA,2020-08-19,5328753,177638
SA,2020-08-20,5409794,179808
SA,2020-08-21,5494672,182069
SA,2020-08-22,5573881,184026
SA,2020-08-23,5635238,186084
SA,2020-08-24,5718157,187923
SA,2020-08-25,5768229,189271
SA,2020-08-26,5815123,190786
SA,2020-08-27,5893734,192961
SA,2020-08-28,5972652,194979
SA,2020-08-29,6050706,196773
SA,2020-08-30,6128098,198452
SA,2020-08-31,6202989,200145
SA,2020-09-01,6246299,201186
SA,2020-09-02,6317825,202564
SA,2020-09-03,6390291,204709
SA,2020-09-04,6469119,206790
SA,2020-09-05,6545435,208560
SA,2020-09-06,6628044,210303
SA,2020-09-07,6679701,215430
SA,2020-09-08,6720674,218150
SA,2020-09-09,6751949,219224
SA,2020-09-10,6796379,220515
SA,2020-09-11,6864288,222392
SA,2020-09-12,6936403,224123
SA,2020-09-13,7012106,225789
SA,2020-09-14,7078082,227240
SA,2020-09-15,7121416,228227
SA,2020-09-16,7160086,229342
SA,2020-09-17,7225472,231063
SA,2020-09-18,7293317,232856
SA,2020-09-19,7359498,234349
SA,2020-09-20,7431968,235935
SA,2020-09-21,7493260,237259
SA,2020-09-22,7533912,238014
SA,2020-09-23,7569503,239233
SA,2020-09-24,7631676,240956
SA,2020-09-25,7695791,242966
SA,2020-09-26,7760978,244574
SA,2020-09-27,7825114,246189
SA,2020-09-28,7882502,247806
SA,2020-09-29,7921787,248776
SA,2020-09-30,7959684,249799
SA,2020-10-01,8019164,251450
SA,2020-10-02,8081157,253355
SA,2020-10-03,8145659,257869
SA,2020-10-04,8208257,259393
SA,2020-10-05,8260155,260571
SA,2020-10-06,8290266,261535
SA,2020-10-07,8326263,262641
SA,2020-10-08,8398150,264189
SA,2020-10-09,8461683,266123
SA,2020-10-10,8519972,267698
SA,2020-10-11,8580947,269293
SA,2020-10-12,8634844,270545
SA,2020-10-13,8673051,271504
SA,2020-10-14,8704320,272306
SA,2020-10-15,8739508,273312
SA,2020-10-16,8794738,274783
SA,2020-10-17,8854460,276336
SA,2020-10-18,8917067,277831
SA,2020-10-19,8968727,279021
SA,2020-10-20,9003550,279716
SA,2020-10-21,9043734,280711
SA,2020-10-22,9101254,282180
SA,2020-10-23,9156148,283524
SA,2020-10-24,9212060,284780
SA,2020-10-25,9275591,286072
SA,2020-10-26,9331717,287147
SA,2020-10-27,9368405,287987
SA,2020-10-28,9409967,288979
SA,2020-10-29,9467949,290292
SA,2020-10-30,9526097,291532
SA,2020-10-31,9583145,292718
SA,2020-11-01,9635351,293951
SA,2020-11-02,9681211,294898
SA,2020-11-03,9712212,295567
SA,2020-11-04,9744378,296493
SA,2020-11-05,9781157,297435
SA,2020-11-06,9829432,298845
SA,2020-11-07,9879461,300076
SA,2020-11-08,9926624,301105
SA,2020-11-09,9972306,301898
SA,2020-11-10,10000704,302546
SA,2020-11-11,10028567,303428
SA,2020-11-12,10077968,304247
SA,2020-11-13,10152195,305465
SA,2020-11-14,10211492,306932
SA,2020-11-15,10267531,307954
SA,2020-11-16,10328554,309444
SA,2020-11-17,10361151,310052
SA,2020-11-18,10392798,310852
SA,2020-11-19,10449747,312185
SA,2020-11-20,10506896,313552
SA,2020-11-21,10566150,314687
SA,2020-11-22,10628047,315799
SA,2020-11-23,10680582,316740
SA,2020-11-24,10716102,317236
SA,2020-11-25,10746629,317982
SA,2020-11-26,10797612,319225
SA,2020-11-27,10868827,320535
SA,2020-11-28,10931284,321781
SA,2020-11-29,10989931,322900
SA,2020-11-30,11063061,323928
SA,2020-12-01,11107438,324690
SA,2020-12-02,11147096,325542
SA,2020-12-03,11219630,326768
SA,2020-12-04,11292737,328080
SA,2020-12-05,11365610,329267
SA,2020-12-06,11435644,330625
SA,2020-12-07,11499298,331698
SA,2020-12-08,11542876,332433
SA,2020-12-09,11576775,333219
SA,2020-12-10,11644501,334484
SA,2020-12-11,11716186,335879
SA,2020-12-12,11791372,337130
SA,2020-12-13,11867487,338300
SA,2020-12-14,11931626,339368
SA,2020-12-15,11971866,340075
SA,2020-12-16,12015308,341075
SA,2020-12-17,12081819,342485
SA,2020-12-18,12178094,343929
SA,2020-12-19,12274310,345532
SA,2020-12-20,12355998,346888
SA,2020-12-21,12433183,348087
SA,2020-12-22,12479456,348891
SA,2020-12-23,12526089,349924
SA,2020-12-24,12608743,351501
SA,2020-12-25,12688436,353000
SA,2020-12-26,12777673,354245
SA,2020-12-27,12824986,355116
SA,2020-12-28,12860524,355881
SA,2020-12-29,12899742,356697
SA,2020-12-30,12942670,357681
SA,2020-12-31,13031992,359328
SA,2021-01-01,13120544,361170
SA,2021-01-02,13216152,362805
SA,2021-01-03,13266545,363773
SA,2021-01-04,13303915,364534
SA,2021-01-05,13342738,365237
SA,2021-01-06,13389127,366297
SA,2021-01-07,13484800,368033
SA,2021-01-08,13589701,370009
SA,2021-01-09,13720744,372203
SA,2021-01-10,13817214,373909
SA,2021-01-11,13918044,375756
SA,2021-01-12,13982204,376834
SA,2021-01-13,14041713,377969
SA,2021-01-14,14145848,379731
SA,2021-01-15,14249112,381790
SA,2021-01-16,14363229,383686
SA,2021-01-17,14486941,385585
SA,2021-01-18,14592081,387308
SA,2021-01-19,14661624,388589
SA,2021-01-20,14719776,390060
SA,2021-01-21,14824314,392149
SA,2021-01-22,14935853,394415
SA,2021-01-23,15037162,396587
SA,2021-01-24,15135061,398651
SA,2021-01-25,15238497,400785
SA,2021-01-26,15296716,402196
SA,2021-01-27,15354511,403667
SA,2021-01-28,15454360,405844
SA,2021-01-29,15561030,408160
SA,2021-01-30,15659517,410486
SA,2021-01-31,15758234,412547
SA,2021-02-01,15849134,414768
SA,2021-02-02,15902532,416064
SA,2021-02-03,15954179,417517
SA,2021-02-04,16042714,419540
SA,2021-02-05,16136075,421658
SA,2021-02-06,16227971,423708
SA,2021-02-07,16311853,425870
SA,2021-02-08,16393053,427631
SA,2021-02-09,16441980,428861
SA,2021-02-10,16486284,430385
SA,2021-02-11,16562709,432419
SA,2021-02-12,16653027,434640
SA,2021-02-13,16738941,436839
SA,2021-02-14,16826727,439099
SA,2021-02-15,16895125,440881
SA,2021-02-16,16938980,442174
SA,2021-02-17,16986305,443270
SA,2021-02-18,17060717,444970
SA,2021-02-19,17144294,446993
SA,2021-02-20,17227064,449192
SA,2021-02-21,17307129,451202
SA,2021-02-22,17390590,453044
SA,2021-02-23,17446919,454325
SA,2021-02-24,17494162,455524
SA,2021-02-25,17580173,457452
SA,2021-02-26,17676080,459614
SA,2021-02-27,17772583,461866
SA,2021-02-28,17864142,463754
SA,2021-03-01,17950415,465736
SA,2021-03-02,18005430,467027
SA,2021-03-03,18060399,468297
SA,2021-03-04,18146548,470673
SA,2021-03-05,18239924,473178
SA,2021-03-06,18345892,475669
SA,2021-03-07,18448826,478018
SA,2021-03-08,18542021,480022
SA,2021-03-09,18644847,481756
SA,2021-03-10,18697593,483196
SA,2021-03-11,18795168,485650
SA,2021-03-12,18905368,488580
SA,2021-03-13,19012056,491356
SA,2021-03-14,19128265,494095
SA,2021-03-15,19229117,496588
SA,2021-03-16,19290527,498132
SA,2021-03-17,19350980,499734
SA,2021-03-18,19467129,503197
SA,2021-03-19,19592131,506644
SA,2021-03-20,19715367,510088
SA,2021-03-21,19841060,513509
SA,2021-03-22,19956921,516496
SA,2021-03-23,20031368,518227
SA,2021-03-24,20110310,520131
SA,2021-03-25,20229200,523944
SA,2021-03-26,20360338,526640
SA,2021-03-27,20499229,530068
SA,2021-03-28,20631177,534393
SA,2021-03-29,20759668,538580
SA,2021-03-30,20841645,541147
SA,2021-03-31,20918241,543435
SA,2021-04-01,21043077,547896
SA,2021-04-02,21184628,552583
SA,2021-04-03,21331108,557027
SA,2021-04-04,21444013,560483
SA,2021-04-05,21528570,563382
SA,2021-04-06,21602205,565304
SA,2021-04-07,21675637,567592
SA,2021-04-08,21819203,572716
SA,2021-04-09,21973738,577679
SA,2021-04-10,22125832,583040
SA,2021-04-11,22288841,587936
SA,2021-04-12,22423148,591846
SA,2021-04-13,22514798,594604
SA,2021-04-14,22605630,597116
SA,2021-04-15,22753485,602013
SA,2021-04-16,22896283,606968
SA,2021-04-17,23042086,612083
SA,2021-04-18,23200360,616636
SA,2021-04-19,23329140,620701
SA,2021-04-20,23425326,623517
SA,2021-04-21,23506859,626095
SA,2021-04-22,23647831,630865
SA,2021-04-23,23796806,635906
