date,cases,deaths
2020-01-03,0,0
2020-01-04,3,0
2020-01-05,3,0
2020-01-06,6,0
2020-01-07,6,0
2020-01-08,7,0
2020-01-09,8,0
2020-01-10,8,0
2020-01-11,9,0
2020-01-12,51,1
2020-01-13,52,1
2020-01-14,58,1
2020-01-15,58,1
2020-01-16,58,1
2020-01-17,59,2
2020-01-18,63,2
2020-01-19,140,3
2020-01-20,219,4
2020-01-21,312,6
2020-01-22,460,17
2020-01-23,591,18
2020-01-24,866,26
2020-01-25,1339,42
2020-01-26,2036,56
2020-01-27,2826,82
2020-01-28,4601,131
2020-01-29,6082,133
2020-01-30,7838,171
2020-01-31,9855,213
2020-02-01,11966,260
2020-02-02,14572,363
2020-02-03,17408,427
2020-02-04,20663,494
2020-02-05,24597,566
2020-02-06,28315,636
2020-02-07,31471,721
2020-02-08,34874,808
2020-02-09,37538,908
2020-02-10,40531,1015
2020-02-11,43015,1115
2020-02-12,45051,1120
2020-02-13,60220,1373
2020-02-14,64291,1525
2020-02-15,66950,1669
2020-02-16,68987,1773
2020-02-17,71047,1871
2020-02-18,72957,2010
2020-02-19,74757,2123
2020-02-20,75181,2246
2020-02-21,76179,2249
2020-02-22,77245,2458
2020-02-23,78218,2463
2020-02-24,78736,2622
2020-02-25,79523,2701
2020-02-26,80388,2763
2020-02-27,81495,2802
2020-02-28,82747,2859
2020-02-29,84650,2923
2020-03-01,86443,2978
2020-03-02,88475,3045
2020-03-03,90415,3114
2020-03-04,92832,3202
2020-03-05,95334,3292
2020-03-06,98300,3398
2020-03-07,102196,3507
2020-03-08,106219,3614
2020-03-09,110289,3849
2020-03-10,115170,4054
2020-03-11,120830,4346
2020-03-12,129318,4702
2020-03-13,139235,5082
2020-03-14,150910,5574
2020-03-15,164174,6021
2020-03-16,177133,6751
2020-03-17,193520,7525
2020-03-18,213014,8429
2020-03-19,237276,9555
2020-03-20,265908,10836
2020-03-21,299000,12428
2020-03-22,334710,14400
2020-03-23,367853,16343
2020-03-24,408389,18489
2020-03-25,455615,21157
2020-03-26,506950,24015
2020-03-27,566848,27388
2020-03-28,633601,31215
2020-03-29,700232,35292
2020-03-30,758089,39172
2020-03-31,822149,43706
2020-04-01,889805,48741
2020-04-02,963382,54118
2020-04-03,1040572,59904
2020-04-04,1121773,67490
2020-04-05,1201327,74013
2020-04-06,1272361,80014
2020-04-07,1339771,86933
2020-04-08,1416474,94473
2020-04-09,1496476,101594
2020-04-10,1583171,109919
2020-04-11,1670492,117560
2020-04-12,1753006,124937
2020-04-13,1826180,131951
2020-04-14,1892290,138592
2020-04-15,1962874,145727
2020-04-16,2037689,154116
2020-04-17,2116676,162083
2020-04-18,2199915,171026
2020-04-19,2281591,178221
2020-04-20,2353887,184396
2020-04-21,2425352,190791
2020-04-22,2500179,197551
2020-04-23,2576197,204738
2020-04-24,2657332,211485
2020-04-25,2754369,217931
2020-04-26,2837426,224343
2020-04-27,2917159,229982
2020-04-28,2986681,235510
2020-04-29,3057180,241247
2020-04-30,3134146,247636
2020-05-01,3215563,254073
2020-05-02,3303957,260301
2020-05-03,3392024,266637
2020-05-04,3471970,271903
2020-05-05,3550980,276969
2020-05-06,3628272,282069
2020-05-07,3711140,288691
2020-05-08,3800018,294990
2020-05-09,3891575,301105
2020-05-10,3982702,306478
2020-05-11,4070291,311903
2020-05-12,4143292,316539
2020-05-13,4223471,321269
2020-05-14,4309995,326675
2020-05-15,4396947,332121
2020-05-16,4498659,337965
2020-05-17,4597610,343440
2020-05-18,4693690,348322
2020-05-19,4772820,352565
2020-05-20,4867072,357153
2020-05-21,4971119,362516
2020-05-22,5079003,367724
2020-05-23,5185350,372856
2020-05-24,5294582,378440
2020-05-25,5391897,382798
2020-05-26,5485137,387030
2020-05-27,5575018,391415
2020-05-28,5674626,396185
2020-05-29,5782693,401448
2020-05-30,5902889,406907
2020-05-31,6023760,411919
2020-06-01,6150989,416659
2020-06-02,6259925,420921
2020-06-03,6359045,425337
2020-06-04,6483509,430752
2020-06-05,6610432,436315
2020-06-06,6737537,441920
2020-06-07,6869410,446937
2020-06-08,6995064,452006
2020-06-09,7104839,456152
2020-06-10,7214203,460846
2020-06-11,7346476,466262
2020-06-12,7487203,471825
2020-06-13,7628989,477370
2020-06-14,7773273,482299
2020-06-15,7905718,487079
2020-06-16,8025032,491563
2020-06-17,8149212,497774
2020-06-18,8332622,503370
2020-06-19,8480666,509061
2020-06-20,8624663,514646
2020-06-21,8807095,519923
2020-06-22,8961957,525025
2020-06-23,9093187,529182
2020-06-24,9235070,533561
2020-06-25,9408984,539135
2020-06-26,9589220,544541
2020-06-27,9775469,551649
2020-06-28,9969040,556770
2020-06-29,10147709,561787
2020-06-30,10306622,566238
2020-07-01,10477213,571182
2020-07-02,10662633,576515
2020-07-03,10874859,581923
2020-07-04,11089605,587522
2020-07-05,11304419,593269
2020-07-06,11495877,598548
2020-07-07,11664020,603317
2020-07-08,11841537,608438
2020-07-09,12057565,614380
2020-07-10,12284650,620362
2020-07-11,12508833,626396
2020-07-12,12743613,632231
2020-07-13,12963296,638104
2020-07-14,13158928,643306
2020-07-15,13353982,648675
2020-07-16,13588044,654989
2020-07-17,13834608,661542
2020-07-18,14082766,669114
2020-07-19,14330692,675339
2020-07-20,14562329,681399
2020-07-21,14769386,687013
2020-07-22,14981212,692686
2020-07-23,15232310,700379
2020-07-24,15524630,706975
2020-07-25,15808900,713797
2020-07-26,16084357,720394
2020-07-27,16338147,726722
2020-07-28,16555469,732346
2020-07-29,16786308,738422
2020-07-30,17050046,744842
2020-07-31,17352432,752104
2020-08-01,17644238,758810
2020-08-02,17930967,765417
2020-08-03,18188509,772050
2020-08-04,18414213,777931
2020-08-05,18636349,783864
2020-08-06,18911502,790783
2020-08-07,19204366,797948
2020-08-08,19487352,804686
2020-08-09,19777586,811213
2020-08-10,20040791,817765
2020-08-11,20263321,823445
2020-08-12,20496766,829077
2020-08-13,20792815,835955
2020-08-14,21084872,842887
2020-08-15,21382596,849586
2020-08-16,21670262,855999
2020-08-17,21925056,861908
2020-08-18,22148940,867438
2020-08-19,22385170,873143
2020-08-20,22669452,879734
2020-08-21,22958011,886578
2020-08-22,23236830,892842
2020-08-23,23500305,898791
2020-08-24,23762326,904759
2020-08-25,23988804,910074
2020-08-26,24224812,915552
2020-08-27,24515339,922070
2020-08-28,24806654,928554
2020-08-29,25092068,934464
2020-08-30,25380489,940299
2020-08-31,25656981,946142
2020-09-01,25885757,951062
2020-09-02,26162301,956296
2020-09-03,26454782,962615
2020-09-04,26753482,968939
2020-09-05,27049711,974745
2020-09-06,27368294,980376
2020-09-07,27639871,989618
2020-09-08,27876851,996346
2020-09-09,28123004,1001170
2020-09-10,28399850,1006308
2020-09-11,28701272,1012347
2020-09-12,29006843,1018261
2020-09-13,29326530,1023720
2020-09-14,29618612,1029116
2020-09-15,29874959,1034314
2020-09-16,30150487,1039325
2020-09-17,30464616,1045329
2020-09-18,30785235,1051567
2020-09-19,31097122,1057299
2020-09-20,31425225,1062738
2020-09-21,31719726,1067949
2020-09-22,31973218,1072678
2020-09-23,32254880,1077688
2020-09-24,32581226,1083307
2020-09-25,32896226,1089168
2020-09-26,33208179,1095086
2020-09-27,33529990,1100465
2020-09-28,33821980,1105771
2020-09-29,34074247,1110453
2020-09-30,34361337,1115399
2020-10-01,34691438,1121331
2020-10-02,35021389,1127307
2020-10-03,35341640,1132756
2020-10-04,35671867,1138083
2020-10-05,35982276,1143146
2020-10-06,36251081,1148012
2020-10-07,36570997,1152988
2020-10-08,36946487,1158838
2020-10-09,37303886,1165058
2020-10-10,37662455,1170718
2020-10-11,38043686,1176027
2020-10-12,38381187,1180985
2020-10-13,38689742,1185904
2020-10-14,39044078,1190820
2020-10-15,39428350,1196019
2020-10-16,39826360,1201933
2020-10-17,40218587,1207927
2020-10-18,40653562,1213931
2020-10-19,41034497,1219189
2020-10-20,41388341,1224551
2020-10-21,41828995,1230438
2020-10-22,42311251,1236839
2020-10-23,42784868,1243699
2020-10-24,43246841,1250345
2020-10-25,43764165,1256486
2020-10-26,44222457,1262519
2020-10-27,44632086,1268476
2020-10-28,45138821,1275288
2020-10-29,45686246,1282377
2020-10-30,46217261,1289818
2020-10-31,46736675,1297532
2020-11-01,47301338,1304586
2020-11-02,47790297,1311435
2020-11-03,48299035,1318376
2020-11-04,48826608,1326572
2020-11-05,49398298,1335152
2020-11-06,49977221,1344254
2020-11-07,50550074,1353879
2020-11-08,51143493,1361996
2020-11-09,51670233,1369489
2020-11-10,52123532,1377619
2020-11-11,52692968,1387215
2020-11-12,53310107,1396879
2020-11-13,53942934,1406556
2020-11-14,54560234,1416983
2020-11-15,55176916,1425920
2020-11-16,55722142,1435215
2020-11-17,56210384,1443847
2020-11-18,56768501,1453896
2020-11-19,57398048,1464834
2020-11-20,58027412,1475927
2020-11-21,58655033,1487882
2020-11-22,59280600,1497958
2020-11-23,59819680,1507380
2020-11-24,60308758,1517426
2020-11-25,60867042,1528724
2020-11-26,61475555,1539888
2020-11-27,62135134,1551787
2020-11-28,62722269,1563441
2020-11-29,63306703,1573240
2020-11-30,63830809,1582398
2020-12-01,64321944,1592329
2020-12-02,64874526,1603426
2020-12-03,65522608,1615307
2020-12-04,66193477,1627970
2020-12-05,66856816,1640723
2020-12-06,67507400,1651532
2020-12-07,68074878,1661500
2020-12-08,68599077,1671247
2020-12-09,69185894,1683132
2020-12-10,69868009,1694956
2020-12-11,70549430,1708467
2020-12-12,71208620,1721115
2020-12-13,71893071,1732887
2020-12-14,72477690,1743223
2020-12-15,73004990,1753769
2020-12-16,73633252,1766033
2020-12-17,74301892,1778825
2020-12-18,75033355,1792153
2020-12-19,75753748,1806097
2020-12-20,76429776,1817743
2020-12-21,77012302,1828500
2020-12-22,77556987,1839285
2020-12-23,78165202,1851806
2020-12-24,78838223,1865031
2020-12-25,79500635,1877589
2020-12-26,80095078,1888946
2020-12-27,80554009,1898658
2020-12-28,81012917,1908091
2020-12-29,81520733,1919060
2020-12-30,82118227,1932412
2020-12-31,82852766,1946760
2021-01-01,83596976,1960991
2021-01-02,84237280,1973373
2021-01-03,84792137,1984361
2021-01-04,85367433,1994666
2021-01-05,85955516,2005528
2021-01-06,86619815,2018672
2021-01-07,87413835,2032988
2021-01-08,88189027,2047388
2021-01-09,88988650,2062920
2021-01-10,89771559,2076199
2021-01-11,90447334,2088763
2021-01-12,91056799,2101173
2021-01-13,91722828,2115562
2021-01-14,92461086,2130987
2021-01-15,93183363,2146794
2021-01-16,93888597,2162417
2021-01-17,94608368,2176099
2021-01-18,95212466,2189348
2021-01-19,95749283,2202483
2021-01-20,96322625,2216747
2021-01-21,96952973,2231981
2021-01-22,97606402,2248363
2021-01-23,98220582,2264357
2021-01-24,98837147,2278821
2021-01-25,99360378,2291849
2021-01-26,99803736,2304910
2021-01-27,100322692,2318775
2021-01-28,100905879,2334654
2021-01-29,101490755,2350255
2021-01-30,102040866,2365918
2021-01-31,102589300,2379221
2021-02-01,103048112,2391524
2021-02-02,103432593,2403297
2021-02-03,103882365,2416251
2021-02-04,104381563,2429899
2021-02-05,104853179,2443587
2021-02-06,105318940,2456579
2021-02-07,105769926,2468808
2021-02-08,106155331,2479637
2021-02-09,106489346,2489714
2021-02-10,106854582,2501068
2021-02-11,107271442,2513111
2021-02-12,107696646,2525326
2021-02-13,108104555,2537893
2021-02-14,108494237,2550740
2021-02-15,108824379,2561030
2021-02-16,109121119,2570032
2021-02-17,109464562,2579354
2021-02-18,109842667,2588923
2021-02-19,110225170,2599239
2021-02-20,110596070,2609867
2021-02-21,110972086,2619417
2021-02-22,111315216,2627835
2021-02-23,111624156,2636098
2021-02-24,111979676,2644977
2021-02-25,112403384,2654360
2021-02-26,112824998,2664117
2021-02-27,113233380,2674874
2021-02-28,113630306,2683570
2021-03-01,113984540,2691658
2021-03-02,114298941,2699335
2021-03-03,114669580,2707713
2021-03-04,115092104,2716542
2021-03-05,115524317,2726346
2021-03-06,115942792,2735321
2021-03-07,116367449,2744083
2021-03-08,116732540,2751749
2021-03-09,117101292,2759405
2021-03-10,117479821,2767418
2021-03-11,117938078,2776614
2021-03-12,118408836,2786694
2021-03-13,118867073,2796149
2021-03-14,119339076,2804918
2021-03-15,119745531,2812835
2021-03-16,120122650,2820604
2021-03-17,120554760,2828879
2021-03-18,121090250,2838892
2021-03-19,121629009,2849018
2021-03-20,122153384,2858982
2021-03-21,122683174,2868131
2021-03-22,123160016,2878628
2021-03-23,123598652,2886785
2021-03-24,124109365,2895949
2021-03-25,124713180,2906737
2021-03-26,125328051,2916516
2021-03-27,125916570,2927404
2021-03-28,126516586,2937615
2021-03-29,127058858,2947305
2021-03-30,127546660,2956729
2021-03-31,128089205,2966576
2021-04-01,128738273,2978602
2021-04-02,129393449,2990651
2021-04-03,130025732,3002715
2021-04-04,130590295,3013010
2021-04-05,131146374,3022066
2021-04-06,131651605,3030161
2021-04-07,132227349,3040300
2021-04-08,132961596,3054319
2021-04-09,133719212,3067595
2021-04-10,134444066,3081530
2021-04-11,135185165,3093328
2021-04-12,135862287,3104216
2021-04-13,136484642,3115031
2021-04-14,137194217,3126292
2021-04-15,138005398,3140106
2021-04-16,138806464,3153625
2021-04-17,139594623,3167274
2021-04-18,140411800,3179367
2021-04-19,141183719,3191534
2021-04-20,141892072,3203216
2021-04-21,142664368,3215557
2021-04-22,143550768,3230089
2021-04-23,144436397,3244643
2021-04-24,145266109,3257824
2021-04-25,146102878,3270926
2021-04-26,146892836,3284160
2021-04-27,147599030,3296476
2021-04-28,148371710,3309380
2021-04-29,149252878,3324881
2021-04-30,150117829,3339752
2021-05-01,150961842,3354120
2021-05-02,151784229,3367157
2021-05-03,152535652,3379873
2021-05-04,153220718,3391360
2021-05-05,153959842,3403559
2021-05-06,154803985,3418406
2021-05-07,155640965,3432681
2021-05-08,156446406,3446622
2021-05-09,157250425,3459475
2021-05-10,157962099,3471986
2021-05-11,158608151,3483712
2021-05-12,159259965,3495762
2021-05-13,160015752,3509342
2021-05-14,160734566,3522674
2021-05-15,161409974,3535343
2021-05-16,162072775,3547432
2021-05-17,162692615,3559563
2021-05-18,163248234,3571524
2021-05-19,163824533,3583718
2021-05-20,164473379,3596793
2021-05-21,165104965,3609896
2021-05-22,165729711,3622680
2021-05-23,166296548,3633908
2021-05-24,166824778,3645293
2021-05-25,167271333,3654849
2021-05-26,167757988,3666146
2021-05-27,168327966,3678131
2021-05-28,168883378,3690189
2021-05-29,169391952,3701643
2021-05-30,169847844,3712581
2021-05-31,170312745,3722908
2021-06-01,170697766,3731695
2021-06-02,171099882,3741019
2021-06-03,171563426,3751495
2021-06-04,172042141,3762152
2021-06-05,172483314,3772340
2021-06-06,172862701,3781344
2021-06-07,173242613,3790157
2021-06-08,173566045,3798302
2021-06-09,173915720,3806641
2021-06-10,174298578,3820283
2021-06-11,174724986,3831627
2021-06-12,175131349,3842881
2021-06-13,175516629,3852588
2021-06-14,175880944,3863017
2021-06-15,176187313,3871365
2021-06-16,176505621,3879371
2021-06-17,176893717,3889117
2021-06-18,177305381,3898624
2021-06-19,177682622,3907282
2021-06-20,178058314,3915653
2021-06-21,178404758,3923697
2021-06-22,178711908,3930583
2021-06-23,179038596,3937814
2021-06-24,179455042,3946432
2021-06-25,179896680,3955140
2021-06-26,180294838,3963483
2021-06-27,180684730,3971730
2021-06-28,181056177,3979079
2021-06-29,181383470,3985761
2021-06-30,181741375,3992439
2021-07-01,182166754,4000797
2021-07-02,182576508,4009721
2021-07-03,183010324,4017818
2021-07-04,183427297,4025432
2021-07-05,183818108,4032883
2021-07-06,184171821,4039676
2021-07-07,184574432,4046972
2021-07-08,185066349,4055412
2021-07-09,185560538,4063614
2021-07-10,186203058,4072057
2021-07-11,186677546,4080003
2021-07-12,187121179,4087744
2021-07-13,187533075,4095651
2021-07-14,188025046,4103168
2021-07-15,188581617,4111388
2021-07-16,189155288,4119938
2021-07-17,189729030,4128264
2021-07-18,190266858,4136332
2021-07-19,190740949,4143933
2021-07-20,191186820,4151236
2021-07-21,191705231,4171278
2021-07-22,192255006,4179679
2021-07-23,192831183,4188408
2021-07-24,193414499,4197385
2021-07-25,194036144,4205830
2021-07-26,194535236,4214567
2021-07-27,195006486,4223448
2021-07-28,195606816,4232179
2021-07-29,196269087,4242513
2021-07-30,196930381,4252361
2021-07-31,197573014,4261999
2021-08-01,198184176,4270875
2021-08-02,198726811,4280013
2021-08-03,199237815,4289270
2021-08-04,199865636,4298762
2021-08-05,200543933,4309045
2021-08-06,201275888,4319781
2021-08-07,201959790,4330077
2021-08-08,202609882,4339706
2021-08-09,203202627,4349707
2021-08-10,203730111,4358899
2021-08-11,204353129,4368310
2021-08-12,205052958,4378889
2021-08-13,205768808,4389260
2021-08-14,206481175,4399494
2021-08-15,207129129,4409293
2021-08-16,207718247,4419435
2021-08-17,208263710,4428260
2021-08-18,208896570,4437705
2021-08-19,209640629,4448876
2021-08-20,210371081,4460037
2021-08-21,211077780,4470219
2021-08-22,211729657,4480507
2021-08-23,212298533,4490671
2021-08-24,212846837,4499524
2021-08-25,213498180,4509696
2021-08-26,214220463,4520845
2021-08-27,214937351,4531184
2021-08-28,215647523,4541527
2021-08-29,216310162,4551419
2021-08-30,216879935,4560630
2021-08-31,217393051,4569868
2021-09-01,218001124,4579530
2021-09-02,218691691,4589713
2021-09-03,219389080,4600053
2021-09-04,220052711,4610103
2021-09-05,220677445,4619254
2021-09-06,221206047,4628603
2021-09-07,221704684,4637135
2021-09-08,222266462,4645985
2021-09-09,222831282,4654756
2021-09-10,223426236,4663535
2021-09-11,224048336,4673177
2021-09-12,224612815,4681936
2021-09-13,225098070,4690985
2021-09-14,225560139,4698667
2021-09-15,226081607,4706625
2021-09-16,226651282,4716238
2021-09-17,227206656,4725944
2021-09-18,227777240,4734535
2021-09-19,228300475,4742812
2021-09-20,228877351,4750770
2021-09-21,229300612,4757531
2021-09-22,229773166,4765272
2021-09-23,230281413,4774143
2021-09-24,230814513,4782376
2021-09-25,231325513,4790432
2021-09-26,231808861,4798224
2021-09-27,232205546,4804858
2021-09-28,232574917,4811679
2021-09-29,233036610,4819367
2021-09-30,233520249,4827819
2021-10-01,234000667,4835879
2021-10-02,234478089,4843402
2021-10-03,234918365,4850575
2021-10-04,235272895,4856546
2021-10-05,235624565,4862291
2021-10-06,236059914,4868887
2021-10-07,236522321,4876855
2021-10-08,236992509,4884594
2021-10-09,237440396,4891734
2021-10-10,237870141,4898873
2021-10-11,238216653,4904421
2021-10-12,238560969,4910461
2021-10-13,238989859,4916966
2021-10-14,239435515,4924299
2021-10-15,239875378,4931368
2021-10-16,240324578,4938185
2021-10-17,240747560,4944921
2021-10-18,241089731,4950531
2021-10-19,241441367,4956313
2021-10-20,241892303,4963987
2021-10-21,242362963,4971501
2021-10-22,242835192,4979222
2021-10-23,243300711,4986553
2021-10-24,243737983,4994017
2021-10-25,244074067,4999757
2021-10-26,244409201,5005775
2021-10-27,244888600,5013048
2021-10-28,245398451,5021880
2021-10-29,245891552,5030071
2021-10-30,246405276,5037674
2021-10-31,246853625,5044715
2021-11-01,247194752,5050136
2021-11-02,247540173,5056078
2021-11-03,248034346,5063515
2021-11-04,248535543,5071418
2021-11-05,249048606,5078957
2021-11-06,249553405,5086592
2021-11-07,250024573,5093789
2021-11-08,250386567,5099501
2021-11-09,250769979,5105799
2021-11-10,251342478,5113549
2021-11-11,251893040,5121546
2021-11-12,252443612,5129414
2021-11-13,252943764,5136856
2021-11-14,253470232,5144186
2021-11-15,253888097,5150524
2021-11-16,254295494,5156797
2021-11-17,254930232,5164770
2021-11-18,255529961,5173160
2021-11-19,256135869,5181761
2021-11-20,256751804,5191995
2021-11-21,257308457,5198795
2021-11-22,257736880,5204553
2021-11-23,258205808,5211192
2021-11-24,258912976,5219219
2021-11-25,259564178,5227678
2021-11-26,260222848,5235829
2021-11-27,260806428,5242660
2021-11-28,261347522,5248963
2021-11-29,261798798,5254601
2021-11-30,262256089,5260962
2021-12-01,262907667,5269238
2021-12-02,263596020,5277552
2021-12-03,264292681,5285984
2021-12-04,264975715,5293596
2021-12-05,265614649,5302824
2021-12-06,266088272,5308545
2021-12-07,266545691,5314877
2021-12-08,267283004,5322399
2021-12-09,267983698,5330581
2021-12-10,268655992,5338530
2021-12-11,269319277,5345703
2021-12-12,269935253,5352664
2021-12-13,270416924,5357945
2021-12-14,270874791,5363999
2021-12-15,271645934,5371278
2021-12-16,272394398,5379031
2021-12-17,273151771,5386985
2021-12-18,273894990,5393551
2021-12-19,274602838,5400006
2021-12-20,275133086,5404900
2021-12-21,275682275,5410904
2021-12-22,276613535,5418230
2021-12-23,277548880,5426019
2021-12-24,278557468,5433330
2021-12-25,279584895,5441388
2021-12-26,280584393,5446495
2021-12-27,281164446,5450907
2021-12-28,281990743,5455937
2021-12-29,283553993,5463391
2021-12-30,285184889,5471406
2021-12-31,287030075,5478282
2022-01-01,288971752,5484451
2022-01-02,290887297,5489345
2022-01-03,291994213,5493643
2022-01-04,293424799,5498496
2022-01-05,296031334,5505997
2022-01-06,298776175,5514149
2022-01-07,301400628,5521192
2022-01-08,303972646,5528229
2022-01-09,307235726,5534812
2022-01-10,309374149,5539858
2022-01-11,311363243,5546092
2022-01-12,314895452,5554033
2022-01-13,318044614,5563435
2022-01-14,321221796,5571471
2022-01-15,324394869,5579124
2022-01-16,327956094,5586890
2022-01-17,330381226,5593779
2022-01-18,332582517,5600530
2022-01-19,336316829,5608370
2022-01-20,340071684,5617474
2022-01-21,343877165,5627560
2022-01-22,347551395,5636803
2022-01-23,351346032,5646418
2022-01-24,354033000,5653195
2022-01-25,356539171,5661093
2022-01-26,360592729,5671157
2022-01-27,364167275,5681927
2022-01-28,367762006,5692898
2022-01-29,371220975,5703333
2022-01-30,374659074,5713973
2022-01-31,377128057,5722599
2022-02-01,379389557,5731039
2022-02-02,382805206,5742672
2022-02-03,385952670,5755677
2022-02-04,388955030,5767611
2022-02-05,391935336,5779002
2022-02-06,394601121,5789580
2022-02-07,396623363,5798594
2022-02-08,398553435,5807712
2022-02-09,401543129,5819962
2022-02-10,404159285,5833049
2022-02-11,406611722,5845008
2022-02-12,408855879,5855897
2022-02-13,410957604,5866341
2022-02-14,412534952,5874126
2022-02-15,414134489,5882312
2022-02-16,416234293,5893207
2022-02-17,418310061,5904715
2022-02-18,420317728,5916260
2022-02-19,422178673,5926569
2022-02-20,423917490,5936120
2022-02-21,425228707,5943079
2022-02-22,426669477,5950605
2022-02-23,428469479,5958823
2022-02-24,430271666,5969513
2022-02-25,431998461,5979232
2022-02-26,433588956,5988563
2022-02-27,435026441,5995743
2022-02-28,436282580,6002932
2022-03-01,437574653,6009316
2022-03-02,439213203,6017585
2022-03-03,440912009,6025235
2022-03-04,442561826,6033905
2022-03-05,444184831,6041034
2022-03-06,445813045,6047767
2022-03-07,447005526,6052915
2022-03-08,448475691,6058380
2022-03-09,450320209,6064986
2022-03-10,452085519,6071939
2022-03-11,453891349,6079265
2022-03-12,455880456,6085732
2022-03-13,457624695,6091501
2022-03-14,459019615,6096049
2022-03-15,460495651,6100476
2022-03-16,462654803,6102739
2022-03-17,464690821,6108862
2022-03-18,466506846,6114895
2022-03-19,468409502,6120489
2022-03-20,470033121,6125282
2022-03-21,471257443,6129270
2022-03-22,472831725,6144386
2022-03-23,474618302,6149302
2022-03-24,476307416,6154315
2022-03-25,477992008,6159319
2022-03-26,479535517,6167822
2022-03-27,481076973,6171745
2022-03-28,482331266,6174828
2022-03-29,483625639,6178297
2022-03-30,485193724,6182629
2022-03-31,486629947,6186958
2022-04-01,488002492,6191550
2022-04-02,489189149,6195415
2022-04-03,490517918,6198695
2022-04-04,491344569,6201238
2022-04-05,492242885,6204202
2022-04-06,493453879,6207513
2022-04-07,494734797,6211095
2022-04-08,495798817,6214920
2022-04-09,496739662,6218391
2022-04-10,497856729,6221560
2022-04-11,498597916,6223920
2022-04-12,499296643,6226352
2022-04-13,500291410,6229299
2022-04-14,501110795,6232577
2022-04-15,502049453,6235634
2022-04-16,502738791,6238488
2022-04-17,503589377,6240869
2022-04-18,504141629,6242863
2022-04-19,504551649,6244617
2022-04-20,505174303,6247141
2022-04-21,506066365,6250018
2022-04-22,506836129,6252920
2022-04-23,507489061,6255601
2022-04-24,508317131,6257816
2022-04-25,508738352,6259480
2022-04-26,509228636,6262777
2022-04-27,509846466,6264863
2022-04-28,510510608,6267398
2022-04-29,511099080,6269996
2022-04-30,511610704,6272026
2022-05-01,512334490,6274222
2022-05-02,512675935,6275789
2022-05-03,513035618,6277349
2022-05-04,513568307,6279017
2022-05-05,514105639,6281263
2022-05-06,514642939,6283554
2022-05-07,515171738,6285341
2022-05-08,515956381,6287104
2022-05-09,516312526,6288429
2022-05-10,516709364,6289622
2022-05-11,517329416,6291231
2022-05-12,517928835,6293208
2022-05-13,518518793,6295092
2022-05-14,519049540,6296769
2022-05-15,519926528,6298357
2022-05-16,520265503,6299581
2022-05-17,520625939,6300782
2022-05-18,521242272,6302367
2022-05-19,521839222,6304174
2022-05-20,522400043,6305867
2022-05-21,522893723,6307261
2022-05-22,523720659,6308816
2022-05-23,524025319,6309853
2022-05-24,524370208,6310980
2022-05-25,524893375,6312536
2022-05-26,525420293,6314364
2022-05-27,525904631,6316128
2022-05-28,526359288,6317614
2022-05-29,527110501,6319212
2022-05-30,527402852,6320278
2022-05-31,527705134,6321222
2022-06-01,528159901,6322306
2022-06-02,528713659,6323833
2022-06-03,529220873,6325438
2022-06-04,529659915,6326819
2022-06-05,530373249,6328191
2022-06-06,530642568,6329091
2022-06-07,530919106,6330006
2022-06-08,531434872,6331341
2022-06-09,532063314,6333092
2022-06-10,532636375,6334983
2022-06-11,533152347,6336317
2022-06-12,533833120,6337712
2022-06-13,534178905,6338624
2022-06-14,534529335,6339552
2022-06-15,535118583,6340838
2022-06-16,535709424,6342270
2022-06-17,536289485,6344007
2022-06-18,536850812,6345091
2022-06-19,537577194,6346455
2022-06-20,537909663,6347461
2022-06-21,538299440,6348525
2022-06-22,539021237,6349753
2022-06-23,539775433,6351446
2022-06-24,540502252,6353222
2022-06-25,541264142,6355181
2022-06-26,542158822,6356895
2022-06-27,542587658,6357996
2022-06-28,543069632,6359143
2022-06-29,543927868,6360503
2022-06-30,544839482,6362399
2022-07-01,545713290,6364215
2022-07-02,546654688,6366374
2022-07-03,547418583,6368163
2022-07-04,548189493,6369454
2022-07-05,548693709,6370650
2022-07-06,549737214,6372089
2022-07-07,550741023,6374075
2022-07-08,551740578,6376349
2022-07-09,552786670,6378589
2022-07-10,553770284,6380502
2022-07-11,554673607,6382054
2022-07-12,555263490,6383471
2022-07-13,556399939,6385425
2022-07-14,557460651,6387769
2022-07-15,558484621,6390220
2022-07-16,559478186,6392813
2022-07-17,560683461,6394929
2022-07-18,561765348,6396829
2022-07-19,562393988,6398588
2022-07-20,563469819,6400754
2022-07-21,564506719,6403500
2022-07-22,565540306,6406290
2022-07-23,566610289,6409177
2022-07-24,567913016,6411301
2022-07-25,569037163,6413703
2022-07-26,569738169,6415665
2022-07-27,570796997,6417956
2022-07-28,571799844,6420628
2022-07-29,572790583,6423311
2022-07-30,573789493,6426383
2022-07-31,575187224,6429019
2022-08-01,576154984,6431010
2022-08-02,576797828,6432805
2022-08-03,577756890,6435149
2022-08-04,578695585,6437855
2022-08-05,580024332,6440556
2022-08-06,580956132,6443442
2022-08-07,582194678,6446160
2022-08-08,583046096,6448189
2022-08-09,583663966,6449981
2022-08-10,584539364,6452277
2022-08-11,585412501,6455051
2022-08-12,586287126,6457865
2022-08-13,587126277,6460822
2022-08-14,588004201,6463495
2022-08-15,588726893,6465479
2022-08-16,589217824,6466976
2022-08-17,589999782,6469281
2022-08-18,590870597,6471884
2022-08-19,591723177,6474398
2022-08-20,592575029,6477337
2022-08-21,593428382,6479592
2022-08-22,594113650,6481413
2022-08-23,594703615,6483010
2022-08-24,595457459,6485120
2022-08-25,596240313,6487495
2022-08-26,596998747,6490024
2022-08-27,597705663,6492377
2022-08-28,598217435,6494858
2022-08-29,598952538,6496487
2022-08-30,599425682,6498029
2022-08-31,600073156,6499968
2022-09-01,600730059,6502211
2022-09-02,601365744,6504473
2022-09-03,601969554,6506811
2022-09-04,602524976,6508831
2022-09-05,602998248,6510365
2022-09-06,603407109,6511721
2022-09-07,603903611,6513115
2022-09-08,604497423,6514966
2022-09-09,605031368,6516848
2022-09-10,605443597,6518771
2022-09-11,605802093,6520400
2022-09-12,606419767,6521636
2022-09-13,606768073,6522744
2022-09-14,607331265,6524178
2022-09-15,607859720,6525873
2022-09-16,608385782,6527780
2022-09-17,608836719,6529806
2022-09-18,609189989,6531148
2022-09-19,609742846,6532170
2022-09-20,610073113,6533140
2022-09-21,610563804,6534416
2022-09-22,610999327,6536010
2022-09-23,611492734,6537723
2022-09-24,612006052,6539724
2022-09-25,612395996,6540972
2022-09-26,612752207,6542039
2022-09-27,613152588,6543158
2022-09-28,613652005,6544445
2022-09-29,614166412,6545981
2022-09-30,614668837,6548116
2022-10-01,615233805,6549871
2022-10-02,615623778,6551142
2022-10-03,615949223,6552332
2022-10-04,616211028,6553481
2022-10-05,616790312,6555017
2022-10-06,617346370,6556726
2022-10-07,617889630,6558755
2022-10-08,618463369,6560950
2022-10-09,618851310,6562197
2022-10-10,619182245,6563265
2022-10-11,619567154,6564827
2022-10-12,620142099,6566329
2022-10-13,620666169,6567984
2022-10-14,621167032,6569786
2022-10-15,621675314,6572050
2022-10-16,622051426,6573143
2022-10-17,622381369,6574047
2022-10-18,622746728,6575596
2022-10-19,623286795,6577319
2022-10-20,623748523,6579104
2022-10-21,624122825,6580309
2022-10-22,624697885,6583922
2022-10-23,624978149,6584847
2022-10-24,625251398,6585904
2022-10-25,625563734,6587161
2022-10-26,625981758,6588558
2022-10-27,626329579,6589713
2022-10-28,626902890,6593931
2022-10-29,627286358,6595303
2022-10-30,627534547,6596313
2022-10-31,627789121,6597351
2022-11-01,628061877,6598471
2022-11-02,628397239,6600875
2022-11-03,628695547,6601949
2022-11-04,629273602,6605337
2022-11-05,629618576,6606684
2022-11-06,629885238,6607618
2022-11-07,630167463,6608639
2022-11-08,630483236,6609683
2022-11-09,630767020,6610805
2022-11-10,631106522,6611653
2022-11-11,631710070,6614983
2022-11-12,632132991,6616224
2022-11-13,632399810,6617051
2022-11-14,632715334,6618019
2022-11-15,633050826,6619053
2022-11-16,633454593,6620193
2022-11-17,633797286,6621001
2022-11-18,634324591,6624279
2022-11-19,634796913,6625578
2022-11-20,635110351,6626406
2022-11-21,635433438,6627449
2022-11-22,635765281,6628545
2022-11-23,636229472,6629614
2022-11-24,636571043,6630563
2022-11-25,637157753,6634370
2022-11-26,637710918,6635853
2022-11-27,638099658,6636626
2022-11-28,638448425,6637692
2022-11-29,638811674,6638859
2022-11-30,639311594,6640093
2022-12-01,639765712,6641239
2022-12-02,640506228,6644162
2022-12-03,640951379,6645684
2022-12-04,641349916,6646623
2022-12-05,641741802,6647901
2022-12-06,642108535,6649087
2022-12-07,642655313,6650533
2022-12-08,643194981,6651948
2022-12-09,644137358,6656364
2022-12-10,645053796,6658077
2022-12-11,645975107,6659133
2022-12-12,647149014,6660653
2022-12-13,648443808,6662211
2022-12-14,650076304,6663958
2022-12-15,651760262,6665427
2022-12-16,654532590,6669943
2022-12-17,657341917,6672075
2022-12-18,660974970,6673572
2022-12-19,665429787,6675488
2022-12-20,670939584,6677482
2022-12-21,677405286,6679579
2022-12-22,684354019,6681842
2022-12-23,692299902,6687334
2022-12-24,699129856,6690318
2022-12-25,705241011,6692525
2022-12-26,710251151,6695715
2022-12-27,715132889,6698404
2022-12-28,720027592,6701363
2022-12-29,723829013,6705072
2022-12-30,727594693,6711544
2022-12-31,730442703,6716422
2023-01-01,732982786,6721553
2023-01-02,734888141,6727469
2023-01-03,736400416,6733081
2023-01-04,738094879,6738915
2023-01-05,739645407,6744858
2023-01-06,741528366,6752852
2023-01-07,742837036,6758044
2023-01-08,743951183,6763097
2023-01-09,744900208,6768570
2023-01-10,745531104,6773358
2023-01-11,746185906,6778192
2023-01-12,746852290,6782131
2023-01-13,747895017,6790278
2023-01-14,748425734,6794161
2023-01-15,748870865,6797825
2023-01-16,749299852,6801134
2023-01-17,749558268,6804037
2023-01-18,749935617,6806807
2023-01-19,750279815,6809480
2023-01-20,750877489,6815823
2023-01-21,751176929,6818799
2023-01-22,751418517,6820825
2023-01-23,751631808,6823012
2023-01-24,751759392,6824077
2023-01-25,751962050,6825151
2023-01-26,752173663,6828511
2023-01-27,752652063,6833362
2023-01-28,752839664,6834621
2023-01-29,753003180,6835544
2023-01-30,753168924,6836559
2023-01-31,753280753,6837519
2023-02-01,753462806,6838649
2023-02-02,753646701,6843291
2023-02-03,754064895,6847752
2023-02-04,754269291,6848853
2023-02-05,754403786,6850076
2023-02-06,754535843,6850849
2023-02-07,754643381,6851642
2023-02-08,754804029,6852446
2023-02-09,754959329,6854182
2023-02-10,755385761,6858347
2023-02-11,755536874,6859316
2023-02-12,755683513,6860122
2023-02-13,755783993,6860689
2023-02-14,755872473,6861503
2023-02-15,756035871,6862366
2023-02-16,756168762,6863207
2023-02-17,756548895,6866822
2023-02-18,756674499,6867751
2023-02-19,756807589,6868635
2023-02-20,756932955,6869206
2023-02-21,757026922,6869910
2023-02-22,757157565,6870575
2023-02-23,757284456,6871230
2023-02-24,757406986,6872087
2023-02-25,757791981,6875614
2023-02-26,757884469,6876419
2023-02-27,758039108,6876976
2023-02-28,758134830,6877669
2023-03-01,758266440,6878323
2023-03-02,758390040,6878973
2023-03-03,758506751,6879625
2023-03-04,758832254,6882727
2023-03-05,758922289,6883357
2023-03-06,759076834,6883936
2023-03-07,759159626,6884594
2023-03-08,759265726,6885183
2023-03-09,759364786,6885785
2023-03-10,759457342,6886286
2023-03-11,759728363,6889028
2023-03-12,759826162,6889639
2023-03-13,760010142,6890458
2023-03-14,760095018,6891208
2023-03-15,760199548,6891857
2023-03-16,760298111,6892349
2023-03-17,760382025,6892929
2023-03-18,760609875,6895505
2023-03-19,760708910,6896134
2023-03-20,760882745,6896933
2023-03-21,760966562,6897697
2023-03-22,761055179,6898280
2023-03-23,761137564,6898859
2023-03-24,761216272,6899356
2023-03-25,761463982,6902068
2023-03-26,761545669,6902756
2023-03-27,761662437,6903307
2023-03-28,761736470,6900469
2023-03-29,761817382,6900947
2023-03-30,761948150,6901802
2023-03-31,762012260,6902231
2023-04-01,762267280,6904699
2023-04-02,762352302,6905107
2023-04-03,762479370,6905669
2023-04-04,762541045,6906238
2023-04-05,762612537,6906602
2023-04-06,762680356,6907007
2023-04-07,762742495,6907388
2023-04-08,762800340,6907775
2023-04-09,763054975,6910613
2023-04-10,763169964,6911238
2023-04-11,763226286,6911682
2023-04-12,763285541,6912115
2023-04-13,763362215,6912604
2023-04-14,763448012,6913019
2023-04-15,763513664,6913428
2023-04-16,763761695,6915807
2023-04-17,763890948,6916395
2023-04-18,763957364,6916959
2023-04-19,764034260,6917343
2023-04-20,764109029,6917782
2023-04-21,764190884,6918312
2023-04-22,764257848,6918655
2023-04-23,764506075,6921058
2023-04-24,764638309,6921680
2023-04-25,764695311,6922206
2023-04-26,764767389,6922552
2023-04-27,764834478,6922919
2023-04-28,764909322,6923559
2023-04-29,764973295,6923870
2023-04-30,765197396,6925922
2023-05-01,765320620,6926475
2023-05-02,765370087,6926751
2023-05-03,765430696,6927166
2023-05-04,765502897,6927551
2023-05-05,765575215,6928068
2023-05-06,765622951,6928403
2023-05-07,765816929,6930562
2023-05-08,765957523,6931220
2023-05-09,766013899,6931528
2023-05-10,766059640,6931811
2023-05-11,766105934,6932073
2023-05-12,766151537,6932339
2023-05-13,766198175,6932612
2023-05-14,766383796,6935588
2023-05-15,766512482,6936004
2023-05-16,766553079,6936287
2023-05-17,766598171,6936450
2023-05-18,766638322,6936627
2023-05-19,766696307,6937023
2023-05-20,766727138,6937259
2023-05-21,766828103,6937960
2023-05-22,766965926,6938491
2023-05-23,767001520,6938702
2023-05-24,767043805,6938854
2023-05-25,767080062,6938983
2023-05-26,767113959,6939084
2023-05-27,767145706,6939204
2023-05-28,767216939,6939871
2023-05-29,767303359,6940305
2023-05-30,767349480,6940385
2023-05-31,767383526,6940501
2023-06-01,767422629,6940600
2023-06-02,767475697,6940934
2023-06-03,767505636,6941092
2023-06-04,767554128,6941565
2023-06-05,767621155,6941845
2023-06-06,767661958,6941966
2023-06-07,767698147,6942037
2023-06-08,767723114,6942121
2023-06-09,767758830,6942233
2023-06-10,767789913,6942344
2023-06-11,767849505,6942888
2023-06-12,767877539,6943365
2023-06-13,767984225,6943377
2023-06-14,767984225,6943377
