who_region_code,date,cases,deaths
AFRO,2020-01-03,0,0
AFRO,2020-01-04,0,0
AFRO,2020-01-05,0,0
AFRO,2020-01-06,0,0
AFRO,2020-01-07,0,0
AFRO,2020-01-08,0,0
AFRO,2020-01-09,0,0
AFRO,2020-01-10,0,0
AFRO,2020-01-11,0,0
AFRO,2020-01-12,0,0
AFRO,2020-01-13,0,0
AFRO,2020-01-14,0,0
AFRO,2020-01-15,0,0
AFRO,2020-01-16,0,0
AFRO,2020-01-17,0,0
AFRO,2020-01-18,0,0
AFRO,2020-01-19,0,0
AFRO,2020-01-20,0,0
AFRO,2020-01-21,0,0
AFRO,2020-01-22,0,0
AFRO,2020-01-23,0,0
AFRO,2020-01-24,0,0
AFRO,2020-01-25,0,0
AFRO,2020-01-26,0,0
AFRO,2020-01-27,0,0
AFRO,2020-01-28,0,0
AFRO,2020-01-29,0,0
AFRO,2020-01-30,0,0
AFRO,2020-01-31,0,0
AFRO,2020-02-01,0,0
AFRO,2020-02-02,0,0
AFRO,2020-02-03,0,0
AFRO,2020-02-04,0,0
AFRO,2020-02-05,0,0
AFRO,2020-02-06,0,0
AFRO,2020-02-07,0,0
AFRO,2020-02-08,0,0
AFRO,2020-02-09,0,0
AFRO,2020-02-10,0,0
AFRO,2020-02-11,0,0
AFRO,2020-02-12,0,0
AFRO,2020-02-13,0,0
AFRO,2020-02-14,0,0
AFRO,2020-02-15,0,0
AFRO,2020-02-16,0,0
AFRO,2020-02-17,0,0
AFRO,2020-02-18,0,0
AFRO,2020-02-19,0,0
AFRO,2020-02-20,0,0
AFRO,2020-02-21,0,0
AFRO,2020-02-22,0,0
AFRO,2020-02-23,0,0
AFRO,2020-02-24,0,0
AFRO,2020-02-25,5,0
AFRO,2020-02-26,5,0
AFRO,2020-02-27,5,0
AFRO,2020-02-28,10,0
AFRO,2020-02-29,10,0
AFRO,2020-03-01,10,0
AFRO,2020-03-02,17,0
AFRO,2020-03-03,19,0
AFRO,2020-03-04,29,0
AFRO,2020-03-05,34,0
AFRO,2020-03-06,45,0
AFRO,2020-03-07,51,0
AFRO,2020-03-08,52,0
AFRO,2020-03-09,56,0
AFRO,2020-03-10,60,0
AFRO,2020-03-11,71,0
AFRO,2020-03-12,97,1
AFRO,2020-03-13,104,1
AFRO,2020-03-14,208,2
AFRO,2020-03-15,245,3
AFRO,2020-03-16,279,4
AFRO,2020-03-17,329,4
AFRO,2020-03-18,473,7
AFRO,2020-03-19,587,8
AFRO,2020-03-20,663,12
AFRO,2020-03-21,782,19
AFRO,2020-03-22,833,19
AFRO,2020-03-23,1011,23
AFRO,2020-03-24,1315,26
AFRO,2020-03-25,1666,29
AFRO,2020-03-26,2232,31
AFRO,2020-03-27,2435,39
AFRO,2020-03-28,2841,48
AFRO,2020-03-29,3046,52
AFRO,2020-03-30,3530,68
AFRO,2020-03-31,3833,77
AFRO,2020-04-01,4126,94
AFRO,2020-04-02,4746,127
AFRO,2020-04-03,5306,164
AFRO,2020-04-04,6025,198
AFRO,2020-04-05,6418,235
AFRO,2020-04-06,6756,248
AFRO,2020-04-07,7170,294
AFRO,2020-04-08,7671,327
AFRO,2020-04-09,8337,349
AFRO,2020-04-10,8789,382
AFRO,2020-04-11,9340,415
AFRO,2020-04-12,9728,443
AFRO,2020-04-13,10259,464
AFRO,2020-04-14,10786,501
AFRO,2020-04-15,11366,523
AFRO,2020-04-16,11843,550
AFRO,2020-04-17,12360,586
AFRO,2020-04-18,13104,616
AFRO,2020-04-19,13892,628
AFRO,2020-04-20,14760,662
AFRO,2020-04-21,15555,704
AFRO,2020-04-22,16115,720
AFRO,2020-04-23,16829,748
AFRO,2020-04-24,18233,788
AFRO,2020-04-25,19496,812
AFRO,2020-04-26,20315,839
AFRO,2020-04-27,21469,865
AFRO,2020-04-28,22236,881
AFRO,2020-04-29,23253,902
AFRO,2020-04-30,24713,938
AFRO,2020-05-01,26663,973
AFRO,2020-05-02,27973,1013
AFRO,2020-05-03,29436,1064
AFRO,2020-05-04,30534,1085
AFRO,2020-05-05,32570,1112
AFRO,2020-05-06,33973,1205
AFRO,2020-05-07,35470,1228
AFRO,2020-05-08,37717,1275
AFRO,2020-05-09,40544,1322
AFRO,2020-05-10,42626,1369
AFRO,2020-05-11,44533,1415
AFRO,2020-05-12,46829,1449
AFRO,2020-05-13,49429,1500
AFRO,2020-05-14,51752,1567
AFRO,2020-05-15,54190,1623
AFRO,2020-05-16,56461,1667
AFRO,2020-05-17,58663,1710
AFRO,2020-05-18,61163,1748
AFRO,2020-05-19,63521,1796
AFRO,2020-05-20,65956,1846
AFRO,2020-05-21,68347,1910
AFRO,2020-05-22,71752,1981
AFRO,2020-05-23,74256,2040
AFRO,2020-05-24,77295,2073
AFRO,2020-05-25,80002,2120
AFRO,2020-05-26,83044,2214
AFRO,2020-05-27,85815,2308
AFRO,2020-05-28,89592,2370
AFRO,2020-05-29,92929,2427
AFRO,2020-05-30,96902,2482
AFRO,2020-05-31,100610,2554
AFRO,2020-06-01,104242,2638
AFRO,2020-06-02,108121,2700
AFRO,2020-06-03,111486,2789
AFRO,2020-06-04,115639,2858
AFRO,2020-06-05,121104,2958
AFRO,2020-06-06,126561,3062
AFRO,2020-06-07,131324,3148
AFRO,2020-06-08,135412,3236
AFRO,2020-06-09,140498,3352
AFRO,2020-06-10,145287,3493
AFRO,2020-06-11,150082,3593
AFRO,2020-06-12,155762,3700
AFRO,2020-06-13,161254,3867
AFRO,2020-06-14,167566,3998
AFRO,2020-06-15,175503,4111
AFRO,2020-06-16,181903,4235
AFRO,2020-06-17,187625,4346
AFRO,2020-06-18,194539,4482
AFRO,2020-06-19,201178,4595
AFRO,2020-06-20,208535,4750
AFRO,2020-06-21,216999,4874
AFRO,2020-06-22,224663,4996
AFRO,2020-06-23,232215,5117
AFRO,2020-06-24,239548,5290
AFRO,2020-06-25,248558,5441
AFRO,2020-06-26,258752,5564
AFRO,2020-06-27,268102,5673
AFRO,2020-06-28,278815,5785
AFRO,2020-06-29,288347,5879
AFRO,2020-06-30,297290,6010
AFRO,2020-07-01,306794,6192
AFRO,2020-07-02,318432,6340
AFRO,2020-07-03,329796,6486
AFRO,2020-07-04,342415,6628
AFRO,2020-07-05,356666,6746
AFRO,2020-07-06,369928,6974
AFRO,2020-07-07,382563,7139
AFRO,2020-07-08,397942,7415
AFRO,2020-07-09,410744,7559
AFRO,2020-07-10,428051,7730
AFRO,2020-07-11,443412,7927
AFRO,2020-07-12,461296,8089
AFRO,2020-07-13,477575,8250
AFRO,2020-07-14,492660,8427
AFRO,2020-07-15,506124,8647
AFRO,2020-07-16,523403,8819
AFRO,2020-07-17,543122,9130
AFRO,2020-07-18,561466,9349
AFRO,2020-07-19,579091,9546
AFRO,2020-07-20,597223,9691
AFRO,2020-07-21,611185,9898
AFRO,2020-07-22,623851,10157
AFRO,2020-07-23,642386,10789
AFRO,2020-07-24,659348,11001
AFRO,2020-07-25,679962,11340
AFRO,2020-07-26,696207,11708
AFRO,2020-07-27,712920,11900
AFRO,2020-07-28,726105,12257
AFRO,2020-07-29,738344,12519
AFRO,2020-07-30,754390,12838
AFRO,2020-07-31,770421,13234
AFRO,2020-08-01,788448,13545
AFRO,2020-08-02,802792,13779
AFRO,2020-08-03,815996,14062
AFRO,2020-08-04,825272,14139
AFRO,2020-08-05,834147,14750
AFRO,2020-08-06,848053,15252
AFRO,2020-08-07,860507,15652
AFRO,2020-08-08,872501,16041
AFRO,2020-08-09,884990,16403
AFRO,2020-08-10,895696,16713
AFRO,2020-08-11,903249,16985
AFRO,2020-08-12,909574,17198
AFRO,2020-08-13,916644,17557
AFRO,2020-08-14,925297,17904
AFRO,2020-08-15,936062,18286
AFRO,2020-08-16,945214,18476
AFRO,2020-08-17,953088,18708
AFRO,2020-08-18,960055,18922
AFRO,2020-08-19,966352,19269
AFRO,2020-08-20,975551,19557
AFRO,2020-08-21,984140,19835
AFRO,2020-08-22,991766,20110
AFRO,2020-08-23,1000379,20321
AFRO,2020-08-24,1007880,20443
AFRO,2020-08-25,1013995,20607
AFRO,2020-08-26,1019362,20828
AFRO,2020-08-27,1026101,21093
AFRO,2020-08-28,1029787,21151
AFRO,2020-08-29,1038418,21444
AFRO,2020-08-30,1044513,21722
AFRO,2020-08-31,1050924,21827
AFRO,2020-09-01,1056120,21999
AFRO,2020-09-02,1061462,22175
AFRO,2020-09-03,1066906,22353
AFRO,2020-09-04,1072858,22420
AFRO,2020-09-05,1078662,22764
AFRO,2020-09-06,1083152,22909
AFRO,2020-09-07,1088204,23070
AFRO,2020-09-08,1092149,23229
AFRO,2020-09-09,1096731,23371
AFRO,2020-09-10,1101618,23515
AFRO,2020-09-11,1106919,23666
AFRO,2020-09-12,1111680,23824
AFRO,2020-09-13,1116321,23916
AFRO,2020-09-14,1119641,23972
AFRO,2020-09-15,1123273,24077
AFRO,2020-09-16,1127164,24294
AFRO,2020-09-17,1131482,24400
AFRO,2020-09-18,1136235,24514
AFRO,2020-09-19,1141044,24637
AFRO,2020-09-20,1145397,24757
AFRO,2020-09-21,1149640,24808
AFRO,2020-09-22,1152822,24882
AFRO,2020-09-23,1156895,25059
AFRO,2020-09-24,1161212,25202
AFRO,2020-09-25,1165325,25307
AFRO,2020-09-26,1169424,25380
AFRO,2020-09-27,1172342,25481
AFRO,2020-09-28,1175812,25529
AFRO,2020-09-29,1179152,25760
AFRO,2020-09-30,1182927,25881
AFRO,2020-10-01,1187269,25984
AFRO,2020-10-02,1191323,26148
AFRO,2020-10-03,1195645,26224
AFRO,2020-10-04,1199422,26271
AFRO,2020-10-05,1203932,26334
AFRO,2020-10-06,1206764,26414
AFRO,2020-10-07,1209330,26533
AFRO,2020-10-08,1212396,26591
AFRO,2020-10-09,1218782,26922
AFRO,2020-10-10,1222956,27094
AFRO,2020-10-11,1227719,27255
AFRO,2020-10-12,1231808,27397
AFRO,2020-10-13,1237088,27540
AFRO,2020-10-14,1240683,27744
AFRO,2020-10-15,1245204,27904
AFRO,2020-10-16,1249998,28110
AFRO,2020-10-17,1254628,28213
AFRO,2020-10-18,1259192,28313
AFRO,2020-10-19,1263624,28412
AFRO,2020-10-20,1267664,28469
AFRO,2020-10-21,1271599,28662
AFRO,2020-10-22,1276311,28806
AFRO,2020-10-23,1281629,28955
AFRO,2020-10-24,1286773,29046
AFRO,2020-10-25,1291315,29145
AFRO,2020-10-26,1295541,29191
AFRO,2020-10-27,1298315,29277
AFRO,2020-10-28,1303000,29380
AFRO,2020-10-29,1308041,29491
AFRO,2020-10-30,1313897,29590
AFRO,2020-10-31,1319279,29701
AFRO,2020-11-01,1324258,29785
AFRO,2020-11-02,1328278,29967
AFRO,2020-11-03,1331971,30064
AFRO,2020-11-04,1335516,30174
AFRO,2020-11-05,1340843,30255
AFRO,2020-11-06,1347237,30397
AFRO,2020-11-07,1353882,30556
AFRO,2020-11-08,1357945,30616
AFRO,2020-11-09,1362566,30666
AFRO,2020-11-10,1368904,30795
AFRO,2020-11-11,1374303,30957
AFRO,2020-11-12,1380175,31089
AFRO,2020-11-13,1387010,31218
AFRO,2020-11-14,1393792,31360
AFRO,2020-11-15,1398935,31450
AFRO,2020-11-16,1404954,31554
AFRO,2020-11-17,1409712,31687
AFRO,2020-11-18,1416524,31867
AFRO,2020-11-19,1423575,32060
AFRO,2020-11-20,1431795,32232
AFRO,2020-11-21,1439214,32391
AFRO,2020-11-22,1446041,32538
AFRO,2020-11-23,1452332,32659
AFRO,2020-11-24,1457599,32781
AFRO,2020-11-25,1464106,32951
AFRO,2020-11-26,1471707,33115
AFRO,2020-11-27,1478885,33251
AFRO,2020-11-28,1487650,33407
AFRO,2020-11-29,1494524,33512
AFRO,2020-11-30,1500068,33573
AFRO,2020-12-01,1506405,33710
AFRO,2020-12-02,1512370,33862
AFRO,2020-12-03,1520459,33974
AFRO,2020-12-04,1529264,34121
AFRO,2020-12-05,1538777,34326
AFRO,2020-12-06,1547567,34486
AFRO,2020-12-07,1556168,34660
AFRO,2020-12-08,1564405,34762
AFRO,2020-12-09,1571746,34976
AFRO,2020-12-10,1585429,35207
AFRO,2020-12-11,1598101,35452
AFRO,2020-12-12,1610760,35687
AFRO,2020-12-13,1622044,35879
AFRO,2020-12-14,1637930,36159
AFRO,2020-12-15,1646189,36385
AFRO,2020-12-16,1658284,36645
AFRO,2020-12-17,1671539,36842
AFRO,2020-12-18,1687168,37090
AFRO,2020-12-19,1701091,37430
AFRO,2020-12-20,1716697,37741
AFRO,2020-12-21,1729741,37939
AFRO,2020-12-22,1742815,38214
AFRO,2020-12-23,1756690,38797
AFRO,2020-12-24,1774910,39260
AFRO,2020-12-25,1794576,39651
AFRO,2020-12-26,1815247,39990
AFRO,2020-12-27,1831227,40299
AFRO,2020-12-28,1844009,40552
AFRO,2020-12-29,1857269,41055
AFRO,2020-12-30,1871432,41602
AFRO,2020-12-31,1895467,42157
AFRO,2021-01-01,1919903,42697
AFRO,2021-01-02,1919903,42697
AFRO,2021-01-03,1961234,43592
AFRO,2021-01-04,1978166,44038
AFRO,2021-01-05,1996046,44534
AFRO,2021-01-06,2016725,45158
AFRO,2021-01-07,2047423,46116
AFRO,2021-01-08,2076054,46633
AFRO,2021-01-09,2107015,47374
AFRO,2021-01-10,2135878,47905
AFRO,2021-01-11,2162982,48371
AFRO,2021-01-12,2188475,48925
AFRO,2021-01-13,2210137,49841
AFRO,2021-01-14,2237380,50787
AFRO,2021-01-15,2265899,51660
AFRO,2021-01-16,2287914,52379
AFRO,2021-01-17,2313130,52905
AFRO,2021-01-18,2335150,53338
AFRO,2021-01-19,2353991,53870
AFRO,2021-01-20,2373037,54895
AFRO,2021-01-21,2395260,55644
AFRO,2021-01-22,2416834,56501
AFRO,2021-01-23,2437945,57253
AFRO,2021-01-24,2462083,57902
AMRO,2020-01-03,0,0
AMRO,2020-01-04,0,0
AMRO,2020-01-05,0,0
AMRO,2020-01-06,0,0
AMRO,2020-01-07,0,0
AMRO,2020-01-08,0,0
AMRO,2020-01-09,0,0
AMRO,2020-01-10,0,0
AMRO,2020-01-11,0,0
AMRO,2020-01-12,0,0
AMRO,2020-01-13,0,0
AMRO,2020-01-14,0,0
AMRO,2020-01-15,0,0
AMRO,2020-01-16,0,0
AMRO,2020-01-17,0,0
AMRO,2020-01-18,0,0
AMRO,2020-01-19,0,0
AMRO,2020-01-20,5,0
AMRO,2020-01-21,5,0
AMRO,2020-01-22,5,0
AMRO,2020-01-23,5,0
AMRO,2020-01-24,6,0
AMRO,2020-01-25,6,0
AMRO,2020-01-26,14,0
AMRO,2020-01-27,15,0
AMRO,2020-01-28,16,0
AMRO,2020-01-29,16,0
AMRO,2020-01-30,17,0
AMRO,2020-01-31,19,0
AMRO,2020-02-01,20,0
AMRO,2020-02-02,20,0
AMRO,2020-02-03,23,0
AMRO,2020-02-04,23,0
AMRO,2020-02-05,24,0
AMRO,2020-02-06,25,0
AMRO,2020-02-07,27,0
AMRO,2020-02-08,27,0
AMRO,2020-02-09,27,0
AMRO,2020-02-10,27,0
AMRO,2020-02-11,28,0
AMRO,2020-02-12,28,0
AMRO,2020-02-13,30,0
AMRO,2020-02-14,30,0
AMRO,2020-02-15,30,0
AMRO,2020-02-16,30,0
AMRO,2020-02-17,31,0
AMRO,2020-02-18,31,0
AMRO,2020-02-19,31,0
AMRO,2020-02-20,31,0
AMRO,2020-02-21,50,0
AMRO,2020-02-22,52,0
AMRO,2020-02-23,52,0
AMRO,2020-02-24,71,0
AMRO,2020-02-25,71,0
AMRO,2020-02-26,83,0
AMRO,2020-02-27,83,0
AMRO,2020-02-28,95,0
AMRO,2020-02-29,100,0
AMRO,2020-03-01,106,0
AMRO,2020-03-02,136,0
AMRO,2020-03-03,194,2
AMRO,2020-03-04,216,5
AMRO,2020-03-05,241,9
AMRO,2020-03-06,340,11
AMRO,2020-03-07,388,12
AMRO,2020-03-08,415,12
AMRO,2020-03-09,698,20
AMRO,2020-03-10,948,26
AMRO,2020-03-11,1006,28
AMRO,2020-03-12,1349,32
AMRO,2020-03-13,1839,40
AMRO,2020-03-14,2407,46
AMRO,2020-03-15,2655,47
AMRO,2020-03-16,2864,50
AMRO,2020-03-17,5115,68
AMRO,2020-03-18,9323,121
AMRO,2020-03-19,13331,178
AMRO,2020-03-20,18917,235
AMRO,2020-03-21,19717,252
AMRO,2020-03-22,19717,252
AMRO,2020-03-23,37045,465
AMRO,2020-03-24,60788,792
AMRO,2020-03-25,60788,792
AMRO,2020-03-26,81141,1155
AMRO,2020-03-27,81141,1155
AMRO,2020-03-28,100318,1457
AMRO,2020-03-29,120802,1933
AMRO,2020-03-30,142089,2417
AMRO,2020-03-31,163014,2784
AMRO,2020-04-01,188751,3333
AMRO,2020-04-02,216912,4498
AMRO,2020-04-03,247473,5600
AMRO,2020-04-04,279541,6802
AMRO,2020-04-05,315712,8187
AMRO,2020-04-06,352590,9680
AMRO,2020-04-07,384240,11097
AMRO,2020-04-08,417414,12597
AMRO,2020-04-09,454708,14774
AMRO,2020-04-10,493161,17038
AMRO,2020-04-11,536643,19294
AMRO,2020-04-12,573906,21531
AMRO,2020-04-13,610709,23759
AMRO,2020-04-14,644953,25551
AMRO,2020-04-15,673356,27336
AMRO,2020-04-16,707116,30242
AMRO,2020-04-17,743602,37079
AMRO,2020-04-18,784266,39646
AMRO,2020-04-19,821855,42554
AMRO,2020-04-20,857826,44909
AMRO,2020-04-21,893114,47099
AMRO,2020-04-22,925264,49621
AMRO,2020-04-23,957375,52763
AMRO,2020-04-24,995365,55702
AMRO,2020-04-25,1047503,58222
AMRO,2020-04-26,1094841,61158
AMRO,2020-04-27,1140515,63798
AMRO,2020-04-28,1179601,65439
AMRO,2020-04-29,1213082,67632
AMRO,2020-04-30,1246184,70530
AMRO,2020-05-01,1291911,74382
AMRO,2020-05-02,1340585,77427
AMRO,2020-05-03,1384635,83640
AMRO,2020-05-04,1433750,84910
AMRO,2020-05-05,1477441,84963
AMRO,2020-05-06,1507142,86453
AMRO,2020-05-07,1542823,90163
AMRO,2020-05-08,1586123,93308
AMRO,2020-05-09,1636736,97368
AMRO,2020-05-10,1681242,100275
AMRO,2020-05-11,1729087,103610
AMRO,2020-05-12,1767478,105531
AMRO,2020-05-13,1799602,107565
AMRO,2020-05-14,1840971,110545
AMRO,2020-05-15,1885302,113634
AMRO,2020-05-16,1936567,117098
AMRO,2020-05-17,1989739,120119
AMRO,2020-05-18,2049772,123003
AMRO,2020-05-19,2082882,124667
AMRO,2020-05-20,2130081,126775
AMRO,2020-05-21,2189307,129973
AMRO,2020-05-22,2243048,133001
AMRO,2020-05-23,2302957,136272
AMRO,2020-05-24,2362269,139968
AMRO,2020-05-25,2421447,142518
AMRO,2020-05-26,2469698,144359
AMRO,2020-05-27,2521104,146418
AMRO,2020-05-28,2572800,149182
AMRO,2020-05-29,2632691,152627
AMRO,2020-05-30,2698707,155871
AMRO,2020-05-31,2761748,158775
AMRO,2020-06-01,2840707,161428
AMRO,2020-06-02,2905425,163248
AMRO,2020-06-03,2949448,165311
AMRO,2020-06-04,3022817,168553
AMRO,2020-06-05,3084510,172276
AMRO,2020-06-06,3155363,176167
AMRO,2020-06-07,3234868,179394
AMRO,2020-06-08,3311380,181804
AMRO,2020-06-09,3366244,183950
AMRO,2020-06-10,3415167,185863
AMRO,2020-06-11,3485238,189543
AMRO,2020-06-12,3560584,192944
AMRO,2020-06-13,3638518,196440
AMRO,2020-06-14,3711761,199252
AMRO,2020-06-15,3781531,201848
AMRO,2020-06-16,3841602,203574
AMRO,2020-06-17,3899852,205555
AMRO,2020-06-18,4015379,208991
AMRO,2020-06-19,4092519,212517
AMRO,2020-06-20,4163806,215903
AMRO,2020-06-21,4279847,219144
AMRO,2020-06-22,4370514,221771
AMRO,2020-06-23,4438214,224230
AMRO,2020-06-24,4506999,226504
AMRO,2020-06-25,4604127,230165
AMRO,2020-06-26,4709920,233628
AMRO,2020-06-27,4816787,238762
AMRO,2020-06-28,4933965,241931
AMRO,2020-06-29,5042479,244791
AMRO,2020-06-30,5136698,247129
AMRO,2020-07-01,5218583,249318
AMRO,2020-07-02,5317785,252340
AMRO,2020-07-03,5445703,255702
AMRO,2020-07-04,5575475,259094
AMRO,2020-07-05,5697947,262538
AMRO,2020-07-06,5820833,265024
AMRO,2020-07-07,5915544,266736
AMRO,2020-07-08,6004678,268828
AMRO,2020-07-09,6125795,272606
AMRO,2020-07-10,6264703,276370
AMRO,2020-07-11,6397223,279857
AMRO,2020-07-12,6540215,283357
AMRO,2020-07-13,6669872,286577
AMRO,2020-07-14,6780421,288430
AMRO,2020-07-15,6884142,290674
AMRO,2020-07-16,7016842,294301
AMRO,2020-07-17,7154830,297855
AMRO,2020-07-18,7306361,302508
AMRO,2020-07-19,7451092,306202
AMRO,2020-07-20,7584665,309309
AMRO,2020-07-21,7702065,311569
AMRO,2020-07-22,7811117,313809
AMRO,2020-07-23,7948503,317962
AMRO,2020-07-24,8121689,325625
AMRO,2020-07-25,8292300,329699
AMRO,2020-07-26,8460034,333724
AMRO,2020-07-27,8610123,337439
AMRO,2020-07-28,8728951,339651
AMRO,2020-07-29,8840513,342635
AMRO,2020-07-30,8980216,346554
AMRO,2020-07-31,9152162,351121
AMRO,2020-08-01,9320319,355217
AMRO,2020-08-02,9476752,359180
AMRO,2020-08-03,9630587,363162
AMRO,2020-08-04,9741714,365334
AMRO,2020-08-05,9841829,367934
AMRO,2020-08-06,9981191,372008
AMRO,2020-08-07,10135309,376606
AMRO,2020-08-08,10290431,380894
AMRO,2020-08-09,10447248,385076
AMRO,2020-08-10,10590916,388573
AMRO,2020-08-11,10697819,390850
AMRO,2020-08-12,10799049,393727
AMRO,2020-08-13,10951754,398262
AMRO,2020-08-14,11109430,402734
AMRO,2020-08-15,11271202,410483
AMRO,2020-08-16,11420847,414326
AMRO,2020-08-17,11561542,417699
AMRO,2020-08-18,11667182,419995
AMRO,2020-08-19,11757992,422311
AMRO,2020-08-20,11887210,426497
AMRO,2020-08-21,12028915,430964
AMRO,2020-08-22,12164671,434731
AMRO,2020-08-23,12283940,438576
AMRO,2020-08-24,12423015,442150
AMRO,2020-08-25,12519968,444362
AMRO,2020-08-26,12608773,446716
AMRO,2020-08-27,12734200,450814
AMRO,2020-08-28,12869629,454818
AMRO,2020-08-29,13005980,458444
AMRO,2020-08-30,13138897,461754
AMRO,2020-08-31,13268669,465206
AMRO,2020-09-01,13356395,467149
AMRO,2020-09-02,13469731,469322
AMRO,2020-09-03,13596859,473437
AMRO,2020-09-04,13725634,477232
AMRO,2020-09-05,13856945,480696
AMRO,2020-09-06,14001376,484079
AMRO,2020-09-07,14108742,490643
AMRO,2020-09-08,14192502,494126
AMRO,2020-09-09,14257650,495716
AMRO,2020-09-10,14337220,498255
AMRO,2020-09-11,14447655,501934
AMRO,2020-09-12,14566685,505397
AMRO,2020-09-13,14699149,508705
AMRO,2020-09-14,14817296,511466
AMRO,2020-09-15,14904834,513260
AMRO,2020-09-16,14986771,515066
AMRO,2020-09-17,15095370,518458
AMRO,2020-09-18,15215074,521871
AMRO,2020-09-19,15333434,524526
AMRO,2020-09-20,15466548,527836
AMRO,2020-09-21,15580586,530372
AMRO,2020-09-22,15666861,531707
AMRO,2020-09-23,15751103,533679
AMRO,2020-09-24,15872348,536947
AMRO,2020-09-25,15987824,540773
AMRO,2020-09-26,16106796,543882
AMRO,2020-09-27,16233021,546863
AMRO,2020-09-28,16351077,549806
AMRO,2020-09-29,16435011,551331
AMRO,2020-09-30,16515767,552862
AMRO,2020-10-01,16624625,555955
AMRO,2020-10-02,16743118,559470
AMRO,2020-10-03,16866184,565436
AMRO,2020-10-04,16989908,568357
AMRO,2020-10-05,17101558,570745
AMRO,2020-10-06,17177795,572393
AMRO,2020-10-07,17262610,574120
AMRO,2020-10-08,17385354,576905
AMRO,2020-10-09,17512602,580187
AMRO,2020-10-10,17662803,585850
AMRO,2020-10-11,17794619,588883
AMRO,2020-10-12,17912553,590941
AMRO,2020-10-13,18004940,592590
AMRO,2020-10-14,18090230,593982
AMRO,2020-10-15,18185695,596310
AMRO,2020-10-16,18311956,599166
AMRO,2020-10-17,18447596,602139
AMRO,2020-10-18,18593411,605165
AMRO,2020-10-19,18709830,607393
AMRO,2020-10-20,18800869,608735
AMRO,2020-10-21,18911409,610472
AMRO,2020-10-22,19041454,613445
AMRO,2020-10-23,19174300,616497
AMRO,2020-10-24,19317613,619336
AMRO,2020-10-25,19477729,622083
AMRO,2020-10-26,19629845,624540
AMRO,2020-10-27,19739044,626005
AMRO,2020-10-28,19855365,627813
AMRO,2020-10-29,19998773,630766
AMRO,2020-10-30,20151063,633667
AMRO,2020-10-31,20311521,636480
AMRO,2020-11-01,20477378,639337
AMRO,2020-11-02,20616460,641652
AMRO,2020-11-03,20734529,642990
AMRO,2020-11-04,20862291,644715
AMRO,2020-11-05,21001217,647391
AMRO,2020-11-06,21168248,650702
AMRO,2020-11-07,21348780,653731
AMRO,2020-11-08,21508950,656626
AMRO,2020-11-09,21696503,659077
AMRO,2020-11-10,21843042,660515
AMRO,2020-11-11,22005891,662392
AMRO,2020-11-12,22203613,665824
AMRO,2020-11-13,22438050,669220
AMRO,2020-11-14,22707275,672606
AMRO,2020-11-15,22959947,675732
AMRO,2020-11-16,23190617,679198
AMRO,2020-11-17,23372537,680849
AMRO,2020-11-18,23568236,682863
AMRO,2020-11-19,23799989,686126
AMRO,2020-11-20,24035293,690017
AMRO,2020-11-21,24293152,693919
AMRO,2020-11-22,24563442,697737
AMRO,2020-11-23,24815265,700809
AMRO,2020-11-24,25015211,702581
AMRO,2020-11-25,25223438,704784
AMRO,2020-11-26,25459851,708993
AMRO,2020-11-27,25733503,713603
AMRO,2020-11-28,25958052,717025
AMRO,2020-11-29,26216354,720225
AMRO,2020-11-30,26451894,723177
AMRO,2020-12-01,26665447,725132
AMRO,2020-12-02,26875509,727676
AMRO,2020-12-03,27144858,732326
AMRO,2020-12-04,27438177,737379
AMRO,2020-12-05,27753949,742207
AMRO,2020-12-06,28062167,746849
AMRO,2020-12-07,28355632,750965
AMRO,2020-12-08,28593232,753244
AMRO,2020-12-09,28832079,756094
AMRO,2020-12-10,29139230,760905
AMRO,2020-12-11,29467246,766714
AMRO,2020-12-12,29770306,771608
AMRO,2020-12-13,30116222,776705
AMRO,2020-12-14,30417750,780919
AMRO,2020-12-15,30658483,783469
AMRO,2020-12-16,30925103,786806
AMRO,2020-12-17,31216703,792204
AMRO,2020-12-18,31572862,798003
AMRO,2020-12-19,31925527,804009
AMRO,2020-12-20,32437420,809102
AMRO,2020-12-21,32741555,813750
AMRO,2020-12-22,33003784,816636
AMRO,2020-12-23,33251659,820011
AMRO,2020-12-24,33554878,825841
AMRO,2020-12-25,33882212,831768
AMRO,2020-12-26,34190616,836898
AMRO,2020-12-27,34401636,840200
AMRO,2020-12-28,34635443,842720
AMRO,2020-12-29,34839543,845575
AMRO,2020-12-30,35076592,848982
AMRO,2020-12-31,35393202,855294
AMRO,2021-01-01,35742679,862165
AMRO,2021-01-02,36096325,868238
AMRO,2021-01-03,36339182,872555
AMRO,2021-01-04,36678506,876149
AMRO,2021-01-05,36945513,878738
AMRO,2021-01-06,37189293,882462
AMRO,2021-01-07,37538232,889073
AMRO,2021-01-08,37975526,896315
AMRO,2021-01-09,38417244,904115
AMRO,2021-01-10,38861398,910738
AMRO,2021-01-11,39243337,917397
AMRO,2021-01-12,39553101,921253
AMRO,2021-01-13,39834905,925323
AMRO,2021-01-14,40187173,932779
AMRO,2021-01-15,40548253,940452
AMRO,2021-01-16,40922173,947541
AMRO,2021-01-17,41329140,954542
AMRO,2021-01-18,41682052,961308
AMRO,2021-01-19,41962519,965267
AMRO,2021-01-20,42183879,969086
AMRO,2021-01-21,42472637,975338
AMRO,2021-01-22,42806791,983875
AMRO,2021-01-23,43132646,992147
AMRO,2021-01-24,43456596,999891
EMRO,2020-01-03,0,0
EMRO,2020-01-04,0,0
EMRO,2020-01-05,0,0
EMRO,2020-01-06,0,0
EMRO,2020-01-07,0,0
EMRO,2020-01-08,0,0
EMRO,2020-01-09,0,0
EMRO,2020-01-10,0,0
EMRO,2020-01-11,0,0
EMRO,2020-01-12,0,0
EMRO,2020-01-13,0,0
EMRO,2020-01-14,0,0
EMRO,2020-01-15,0,0
EMRO,2020-01-16,0,0
EMRO,2020-01-17,0,0
EMRO,2020-01-18,0,0
EMRO,2020-01-19,0,0
EMRO,2020-01-20,0,0
EMRO,2020-01-21,0,0
EMRO,2020-01-22,0,0
EMRO,2020-01-23,0,0
EMRO,2020-01-24,0,0
EMRO,2020-01-25,0,0
EMRO,2020-01-26,0,0
EMRO,2020-01-27,0,0
EMRO,2020-01-28,0,0
EMRO,2020-01-29,8,0
EMRO,2020-01-30,8,0
EMRO,2020-01-31,8,0
EMRO,2020-02-01,9,0
EMRO,2020-02-02,9,0
EMRO,2020-02-03,9,0
EMRO,2020-02-04,9,0
EMRO,2020-02-05,9,0
EMRO,2020-02-06,9,0
EMRO,2020-02-07,9,0
EMRO,2020-02-08,11,0
EMRO,2020-02-09,11,0
EMRO,2020-02-10,12,0
EMRO,2020-02-11,12,0
EMRO,2020-02-12,12,0
EMRO,2020-02-13,12,0
EMRO,2020-02-14,17,0
EMRO,2020-02-15,17,0
EMRO,2020-02-16,18,0
EMRO,2020-02-17,18,0
EMRO,2020-02-18,18,0
EMRO,2020-02-19,24,2
EMRO,2020-02-20,27,2
EMRO,2020-02-21,47,4
EMRO,2020-02-22,59,5
EMRO,2020-02-23,74,8
EMRO,2020-02-24,123,12
EMRO,2020-02-25,182,15
EMRO,2020-02-26,266,19
EMRO,2020-02-27,399,26
EMRO,2020-02-28,552,34
EMRO,2020-02-29,774,43
EMRO,2020-03-01,787,43
EMRO,2020-03-02,1751,66
EMRO,2020-03-03,2604,77
EMRO,2020-03-04,3199,94
EMRO,2020-03-05,3812,109
EMRO,2020-03-06,5090,128
EMRO,2020-03-07,6237,149
EMRO,2020-03-08,7032,199
EMRO,2020-03-09,7680,242
EMRO,2020-03-10,8626,299
EMRO,2020-03-11,9966,364
EMRO,2020-03-12,11075,441
EMRO,2020-03-13,12388,526
EMRO,2020-03-14,14044,623
EMRO,2020-03-15,15425,740
EMRO,2020-03-16,16576,870
EMRO,2020-03-17,18128,1010
EMRO,2020-03-18,19574,1161
EMRO,2020-03-19,20823,1312
EMRO,2020-03-20,22363,1466
EMRO,2020-03-21,23677,1596
EMRO,2020-03-22,25169,1733
EMRO,2020-03-23,26986,1871
EMRO,2020-03-24,29363,2005
EMRO,2020-03-25,32255,2157
EMRO,2020-03-26,35082,2329
EMRO,2020-03-27,38602,2487
EMRO,2020-03-28,42415,2653
EMRO,2020-03-29,45907,2797
EMRO,2020-03-30,49748,2935
EMRO,2020-03-31,53734,3099
EMRO,2020-04-01,57474,3260
EMRO,2020-04-02,61418,3416
EMRO,2020-04-03,65366,3580
EMRO,2020-04-04,69018,3758
EMRO,2020-04-05,73077,3955
EMRO,2020-04-06,77359,4121
EMRO,2020-04-07,81010,4285
EMRO,2020-04-08,84913,4436
EMRO,2020-04-09,87882,4583
EMRO,2020-04-10,91471,4744
EMRO,2020-04-11,95579,4916
EMRO,2020-04-12,98699,5077
EMRO,2020-04-13,102710,5234
EMRO,2020-04-14,106419,5364
EMRO,2020-04-15,110091,5497
EMRO,2020-04-16,114910,5634
EMRO,2020-04-17,119222,5760
EMRO,2020-04-18,123950,5870
EMRO,2020-04-19,128505,6009
EMRO,2020-04-20,133186,6153
EMRO,2020-04-21,138674,6291
EMRO,2020-04-22,143258,6442
EMRO,2020-04-23,148500,6580
EMRO,2020-04-24,153849,6724
EMRO,2020-04-25,159157,6852
EMRO,2020-04-26,165369,6974
EMRO,2020-04-27,170601,7136
EMRO,2020-04-28,175883,7273
EMRO,2020-04-29,181119,7424
EMRO,2020-04-30,187556,7561
EMRO,2020-05-01,193942,7716
EMRO,2020-05-02,199139,7838
EMRO,2020-05-03,206004,7957
EMRO,2020-05-04,211555,8083
EMRO,2020-05-05,219827,8244
EMRO,2020-05-06,226900,8413
EMRO,2020-05-07,235398,8584
EMRO,2020-05-08,244024,8694
EMRO,2020-05-09,251741,8823
EMRO,2020-05-10,262903,8977
EMRO,2020-05-11,271361,9085
EMRO,2020-05-12,281744,9229
EMRO,2020-05-13,291444,9345
EMRO,2020-05-14,302456,9504
EMRO,2020-05-15,312736,9632
EMRO,2020-05-16,323055,9770
EMRO,2020-05-17,335088,9916
EMRO,2020-05-18,346276,10070
EMRO,2020-05-19,359084,10218
EMRO,2020-05-20,371521,10412
EMRO,2020-05-21,384590,10561
EMRO,2020-05-22,389578,10648
EMRO,2020-05-23,403001,10809
EMRO,2020-05-24,415886,10991
EMRO,2020-05-25,427912,11167
EMRO,2020-05-26,438980,11296
EMRO,2020-05-27,449670,11455
EMRO,2020-05-28,461921,11624
EMRO,2020-05-29,475501,11833
EMRO,2020-05-30,490004,12081
EMRO,2020-05-31,505080,12356
EMRO,2020-06-01,520220,12630
EMRO,2020-06-02,536226,12902
EMRO,2020-06-03,552570,13185
EMRO,2020-06-04,570096,13461
EMRO,2020-06-05,587174,13723
EMRO,2020-06-06,605080,14027
EMRO,2020-06-07,623732,14329
EMRO,2020-06-08,641483,14605
EMRO,2020-06-09,658654,14916
EMRO,2020-06-10,677403,15249
EMRO,2020-06-11,696875,15584
EMRO,2020-06-12,716787,15934
EMRO,2020-06-13,737672,16263
EMRO,2020-06-14,758577,16643
EMRO,2020-06-15,778246,17080
EMRO,2020-06-16,796798,17561
EMRO,2020-06-17,817483,18061
EMRO,2020-06-18,837525,18578
EMRO,2020-06-19,856682,19044
EMRO,2020-06-20,878455,19563
EMRO,2020-06-21,897421,20078
EMRO,2020-06-22,914654,20546
EMRO,2020-06-23,933166,21008
EMRO,2020-06-24,950842,21450
EMRO,2020-06-25,969666,22006
EMRO,2020-06-26,987543,22467
EMRO,2020-06-27,1006290,22967
EMRO,2020-06-28,1024286,23456
EMRO,2020-06-29,1041845,23903
EMRO,2020-06-30,1058338,24445
EMRO,2020-07-01,1077675,24993
EMRO,2020-07-02,1096623,25521
EMRO,2020-07-03,1115596,26034
EMRO,2020-07-04,1134725,26525
EMRO,2020-07-05,1153238,27077
EMRO,2020-07-06,1170789,27574
EMRO,2020-07-07,1187692,28107
EMRO,2020-07-08,1204709,28667
EMRO,2020-07-09,1222160,29131
EMRO,2020-07-10,1238821,29703
EMRO,2020-07-11,1255896,30153
EMRO,2020-07-12,1271355,30656
EMRO,2020-07-13,1286693,31238
EMRO,2020-07-14,1302299,31754
EMRO,2020-07-15,1317089,32298
EMRO,2020-07-16,1331899,32780
EMRO,2020-07-17,1346989,33285
EMRO,2020-07-18,1360801,33742
EMRO,2020-07-19,1374527,34230
EMRO,2020-07-20,1387300,34691
EMRO,2020-07-21,1400550,35149
EMRO,2020-07-22,1414465,35632
EMRO,2020-07-23,1429093,36122
EMRO,2020-07-24,1442363,36604
EMRO,2020-07-25,1456381,37062
EMRO,2020-07-26,1469986,37486
EMRO,2020-07-27,1482472,37936
EMRO,2020-07-28,1494864,38376
EMRO,2020-07-29,1507991,38825
EMRO,2020-07-30,1521213,39217
EMRO,2020-07-31,1533831,39646
EMRO,2020-08-01,1546006,40042
EMRO,2020-08-02,1555622,40414
EMRO,2020-08-03,1564994,40786
EMRO,2020-08-04,1575308,41258
EMRO,2020-08-05,1586380,41668
EMRO,2020-08-06,1598651,42060
EMRO,2020-08-07,1611015,42413
EMRO,2020-08-08,1623645,42769
EMRO,2020-08-09,1635347,43104
EMRO,2020-08-10,1646168,43467
EMRO,2020-08-11,1657843,43888
EMRO,2020-08-12,1670567,44290
EMRO,2020-08-13,1683840,44661
EMRO,2020-08-14,1697149,45011
EMRO,2020-08-15,1710649,45368
EMRO,2020-08-16,1724418,45719
EMRO,2020-08-17,1737334,46075
EMRO,2020-08-18,1749221,46454
EMRO,2020-08-19,1763301,46833
EMRO,2020-08-20,1777210,47197
EMRO,2020-08-21,1790380,47556
EMRO,2020-08-22,1803849,47875
EMRO,2020-08-23,1816607,48201
EMRO,2020-08-24,1828460,48544
EMRO,2020-08-25,1840750,48936
EMRO,2020-08-26,1853700,49274
EMRO,2020-08-27,1866553,49581
EMRO,2020-08-28,1879281,49895
EMRO,2020-08-29,1892162,50196
EMRO,2020-08-30,1904279,50472
EMRO,2020-08-31,1916090,50788
EMRO,2020-09-01,1928238,51103
EMRO,2020-09-02,1940151,51438
EMRO,2020-09-03,1953460,51758
EMRO,2020-09-04,1968047,52091
EMRO,2020-09-05,1983401,52428
EMRO,2020-09-06,1997380,52727
EMRO,2020-09-07,2011967,53101
EMRO,2020-09-08,2025818,53424
EMRO,2020-09-09,2041796,53767
EMRO,2020-09-10,2056952,54091
EMRO,2020-09-11,2073052,54448
EMRO,2020-09-12,2087881,54736
EMRO,2020-09-13,2103147,55037
EMRO,2020-09-14,2118819,55374
EMRO,2020-09-15,2133897,55745
EMRO,2020-09-16,2150508,56109
EMRO,2020-09-17,2167277,56518
EMRO,2020-09-18,2184754,56923
EMRO,2020-09-19,2201234,57290
EMRO,2020-09-20,2217620,57657
EMRO,2020-09-21,2234294,58069
EMRO,2020-09-22,2249052,58437
EMRO,2020-09-23,2268114,58818
EMRO,2020-09-24,2287103,59206
EMRO,2020-09-25,2306048,59564
EMRO,2020-09-26,2323673,59983
EMRO,2020-09-27,2341845,60377
EMRO,2020-09-28,2358725,60770
EMRO,2020-09-29,2375825,61213
EMRO,2020-09-30,2394557,61647
EMRO,2020-10-01,2414292,62027
EMRO,2020-10-02,2433442,62428
EMRO,2020-10-03,2450515,62811
EMRO,2020-10-04,2469962,63219
EMRO,2020-10-05,2488027,63640
EMRO,2020-10-06,2507777,64114
EMRO,2020-10-07,2527491,64556
EMRO,2020-10-08,2548848,65040
EMRO,2020-10-09,2568367,65485
EMRO,2020-10-10,2589401,65947
EMRO,2020-10-11,2607970,66363
EMRO,2020-10-12,2624947,66828
EMRO,2020-10-13,2643806,67339
EMRO,2020-10-14,2664361,67815
EMRO,2020-10-15,2686029,68313
EMRO,2020-10-16,2707518,68802
EMRO,2020-10-17,2732156,69383
EMRO,2020-10-18,2751014,69871
EMRO,2020-10-19,2772127,70415
EMRO,2020-10-20,2792202,71020
EMRO,2020-10-21,2813431,71570
EMRO,2020-10-22,2837513,72188
EMRO,2020-10-23,2863180,72740
EMRO,2020-10-24,2888088,73358
EMRO,2020-10-25,2912174,74012
EMRO,2020-10-26,2934968,74536
EMRO,2020-10-27,2957431,75299
EMRO,2020-10-28,2984476,75903
EMRO,2020-10-29,3010535,76558
EMRO,2020-10-30,3041736,77290
EMRO,2020-10-31,3068822,77957
EMRO,2020-11-01,3093339,78630
EMRO,2020-11-02,3119419,79377
EMRO,2020-11-03,3148189,80170
EMRO,2020-11-04,3179142,80911
EMRO,2020-11-05,3211998,81970
EMRO,2020-11-06,3243288,82787
EMRO,2020-11-07,3276700,83581
EMRO,2020-11-08,3307411,84305
EMRO,2020-11-09,3337935,85063
EMRO,2020-11-10,3368884,85868
EMRO,2020-11-11,3404030,86741
EMRO,2020-11-12,3440207,87608
EMRO,2020-11-13,3477351,88431
EMRO,2020-11-14,3512458,89252
EMRO,2020-11-15,3545903,90055
EMRO,2020-11-16,3578818,90967
EMRO,2020-11-17,3611777,91797
EMRO,2020-11-18,3649304,92655
EMRO,2020-11-19,3690315,93558
EMRO,2020-11-20,3727090,94419
EMRO,2020-11-21,3763753,95570
EMRO,2020-11-22,3796997,96360
EMRO,2020-11-23,3832428,97242
EMRO,2020-11-24,3864278,98046
EMRO,2020-11-25,3900174,98979
EMRO,2020-11-26,3937830,99811
EMRO,2020-11-27,3975661,100691
EMRO,2020-11-28,4013483,101472
EMRO,2020-11-29,4046312,102174
EMRO,2020-11-30,4080884,102938
EMRO,2020-12-01,4113843,103644
EMRO,2020-12-02,4149500,104427
EMRO,2020-12-03,4185378,105204
EMRO,2020-12-04,4223269,105932
EMRO,2020-12-05,4257319,106633
EMRO,2020-12-06,4288875,107258
EMRO,2020-12-07,4320083,107878
EMRO,2020-12-08,4348764,108526
EMRO,2020-12-09,4378594,109241
EMRO,2020-12-10,4409163,109911
EMRO,2020-12-11,4439150,110552
EMRO,2020-12-12,4466674,111091
EMRO,2020-12-13,4490960,111643
EMRO,2020-12-14,4515523,112237
EMRO,2020-12-15,4537514,112765
EMRO,2020-12-16,4563386,113340
EMRO,2020-12-17,4591053,113919
EMRO,2020-12-18,4617282,114479
EMRO,2020-12-19,4642693,115013
EMRO,2020-12-20,4665562,115522
EMRO,2020-12-21,4688567,116027
EMRO,2020-12-22,4708715,116559
EMRO,2020-12-23,4731892,117084
EMRO,2020-12-24,4756446,117605
EMRO,2020-12-25,4781266,118136
EMRO,2020-12-26,4804463,118641
EMRO,2020-12-27,4824535,119056
EMRO,2020-12-28,4844713,119523
EMRO,2020-12-29,4864960,119960
EMRO,2020-12-30,4887344,120420
EMRO,2020-12-31,4912291,120880
EMRO,2021-01-01,4937031,121344
EMRO,2021-01-02,4959910,121784
EMRO,2021-01-03,4980575,122190
EMRO,2021-01-04,5003166,122607
EMRO,2021-01-05,5023805,123031
EMRO,2021-01-06,5047610,123464
EMRO,2021-01-07,5072972,123860
EMRO,2021-01-08,5100269,124232
EMRO,2021-01-09,5126963,124621
EMRO,2021-01-10,5153310,125025
EMRO,2021-01-11,5177517,125415
EMRO,2021-01-12,5201078,125792
EMRO,2021-01-13,5227083,126258
EMRO,2021-01-14,5255049,126688
EMRO,2021-01-15,5282938,127110
EMRO,2021-01-16,5312150,127511
EMRO,2021-01-17,5337227,127921
EMRO,2021-01-18,5362458,128331
EMRO,2021-01-19,5384672,128748
EMRO,2021-01-20,5409663,129221
EMRO,2021-01-21,5435818,129656
EMRO,2021-01-22,5461398,130079
EMRO,2021-01-23,5484650,130526
EMRO,2021-01-24,5507360,130886
EURO,2020-01-03,0,0
EURO,2020-01-04,0,0
EURO,2020-01-05,0,0
EURO,2020-01-06,0,0
EURO,2020-01-07,0,0
EURO,2020-01-08,0,0
EURO,2020-01-09,0,0
EURO,2020-01-10,0,0
EURO,2020-01-11,0,0
EURO,2020-01-12,0,0
EURO,2020-01-13,0,0
EURO,2020-01-14,0,0
EURO,2020-01-15,0,0
EURO,2020-01-16,0,0
EURO,2020-01-17,0,0
EURO,2020-01-18,0,0
EURO,2020-01-19,0,0
EURO,2020-01-20,0,0
EURO,2020-01-21,0,0
EURO,2020-01-22,0,0
EURO,2020-01-23,0,0
EURO,2020-01-24,3,0
EURO,2020-01-25,3,0
EURO,2020-01-26,3,0
EURO,2020-01-27,3,0
EURO,2020-01-28,4,0
EURO,2020-01-29,11,0
EURO,2020-01-30,12,0
EURO,2020-01-31,17,0
EURO,2020-02-01,22,0
EURO,2020-02-02,44,0
EURO,2020-02-03,45,0
EURO,2020-02-04,48,0
EURO,2020-02-05,49,0
EURO,2020-02-06,49,0
EURO,2020-02-07,51,0
EURO,2020-02-08,57,0
EURO,2020-02-09,57,0
EURO,2020-02-10,61,0
EURO,2020-02-11,63,0
EURO,2020-02-12,65,0
EURO,2020-02-13,66,1
EURO,2020-02-14,71,1
EURO,2020-02-15,71,2
EURO,2020-02-16,71,2
EURO,2020-02-17,72,2
EURO,2020-02-18,72,2
EURO,2020-02-19,72,2
EURO,2020-02-20,72,2
EURO,2020-02-21,73,2
EURO,2020-02-22,87,2
EURO,2020-02-23,150,4
EURO,2020-02-24,205,4
EURO,2020-02-25,306,8
EURO,2020-02-26,421,13
EURO,2020-02-27,522,15
EURO,2020-02-28,860,20
EURO,2020-02-29,1190,25
EURO,2020-03-01,1609,33
EURO,2020-03-02,2301,39
EURO,2020-03-03,2864,57
EURO,2020-03-04,3638,86
EURO,2020-03-05,4709,116
EURO,2020-03-06,6230,162
EURO,2020-03-07,8083,216
EURO,2020-03-08,10299,258
EURO,2020-03-09,12907,404
EURO,2020-03-10,16202,535
EURO,2020-03-11,19449,729
EURO,2020-03-12,25354,988
EURO,2020-03-13,32861,1239
EURO,2020-03-14,40691,1582
EURO,2020-03-15,50474,1891
EURO,2020-03-16,59653,2446
EURO,2020-03-17,71157,3007
EURO,2020-03-18,83841,3629
EURO,2020-03-19,99583,4455
EURO,2020-03-20,122947,5431
EURO,2020-03-21,146732,6611
EURO,2020-03-22,171109,8163
EURO,2020-03-23,193509,9650
EURO,2020-03-24,220016,11289
EURO,2020-03-25,247731,13377
EURO,2020-03-26,281401,15560
EURO,2020-03-27,320000,17971
EURO,2020-03-28,360222,20913
EURO,2020-03-29,404996,23864
EURO,2020-03-30,436609,26536
EURO,2020-03-31,467590,29567
EURO,2020-04-01,509318,33047
EURO,2020-04-02,548519,36659
EURO,2020-04-03,586247,40305
EURO,2020-04-04,627332,45614
EURO,2020-04-05,666118,49904
EURO,2020-04-06,696072,53120
EURO,2020-04-07,726500,56821
EURO,2020-04-08,761739,61963
EURO,2020-04-09,801291,66013
EURO,2020-04-10,842178,71034
EURO,2020-04-11,881843,75400
EURO,2020-04-12,917171,79216
EURO,2020-04-13,946477,82435
EURO,2020-04-14,974537,85810
EURO,2020-04-15,1008544,90020
EURO,2020-04-16,1041828,94818
EURO,2020-04-17,1078802,98959
EURO,2020-04-18,1112668,102824
EURO,2020-04-19,1147580,106586
EURO,2020-04-20,1175037,109162
EURO,2020-04-21,1203654,112117
EURO,2020-04-22,1235512,115996
EURO,2020-04-23,1265827,119266
EURO,2020-04-24,1297948,122307
EURO,2020-04-25,1329191,125446
EURO,2020-04-26,1357970,128474
EURO,2020-04-27,1381199,130367
EURO,2020-04-28,1404425,132502
EURO,2020-04-29,1427999,135352
EURO,2020-04-30,1456367,138044
EURO,2020-05-01,1484679,140352
EURO,2020-05-02,1511875,142432
EURO,2020-05-03,1537960,144422
EURO,2020-05-04,1561823,145824
EURO,2020-05-05,1583106,147424
EURO,2020-05-06,1609247,149629
EURO,2020-05-07,1639257,151745
EURO,2020-05-08,1665741,153514
EURO,2020-05-09,1692138,155409
EURO,2020-05-10,1716855,156618
EURO,2020-05-11,1738139,157654
EURO,2020-05-12,1758175,158941
EURO,2020-05-13,1782737,160777
EURO,2020-05-14,1804752,162174
EURO,2020-05-15,1829061,163763
EURO,2020-05-16,1850562,165064
EURO,2020-05-17,1872074,166215
EURO,2020-05-18,1889823,166928
EURO,2020-05-19,1908213,167836
EURO,2020-05-20,1927953,169179
EURO,2020-05-21,1949807,170283
EURO,2020-05-22,1969742,171269
EURO,2020-05-23,1989491,172238
EURO,2020-05-24,2008109,173110
EURO,2020-05-25,2025321,173936
EURO,2020-05-26,2042249,174691
EURO,2020-05-27,2059155,175496
EURO,2020-05-28,2077375,176587
EURO,2020-05-29,2099626,177634
EURO,2020-05-30,2119383,178518
EURO,2020-05-31,2139443,179235
EURO,2020-06-01,2155780,179769
EURO,2020-06-02,2171082,180382
EURO,2020-06-03,2186750,181222
EURO,2020-06-04,2205194,182066
EURO,2020-06-05,2224204,182695
EURO,2020-06-06,2243391,183562
EURO,2020-06-07,2261453,184141
EURO,2020-06-08,2279686,184561
EURO,2020-06-09,2295950,185123
EURO,2020-06-10,2313060,185939
EURO,2020-06-11,2331451,186589
EURO,2020-06-12,2351052,187139
EURO,2020-06-13,2370029,187671
EURO,2020-06-14,2389723,188162
EURO,2020-06-15,2407378,188563
EURO,2020-06-16,2424303,189023
EURO,2020-06-17,2442008,189717
EURO,2020-06-18,2461448,190292
EURO,2020-06-19,2480804,190881
EURO,2020-06-20,2500703,191364
EURO,2020-06-21,2520484,191789
EURO,2020-06-22,2537554,192112
EURO,2020-06-23,2554761,192519
EURO,2020-06-24,2573406,193039
EURO,2020-06-25,2593561,193393
EURO,2020-06-26,2613623,193929
EURO,2020-06-27,2634089,194454
EURO,2020-06-28,2652834,194767
EURO,2020-06-29,2669343,195070
EURO,2020-06-30,2696138,195467
EURO,2020-07-01,2714435,195987
EURO,2020-07-02,2734128,196442
EURO,2020-07-03,2753986,196932
EURO,2020-07-04,2773534,197381
EURO,2020-07-05,2792295,197747
EURO,2020-07-06,2808650,198091
EURO,2020-07-07,2825710,198490
EURO,2020-07-08,2844463,199024
EURO,2020-07-09,2864510,199517
EURO,2020-07-10,2885179,199960
EURO,2020-07-11,2906219,200424
EURO,2020-07-12,2926701,200771
EURO,2020-07-13,2944368,201047
EURO,2020-07-14,2962881,201415
EURO,2020-07-15,2982383,201832
EURO,2020-07-16,3003930,202305
EURO,2020-07-17,3025935,202728
EURO,2020-07-18,3059342,203376
EURO,2020-07-19,3081183,203931
EURO,2020-07-20,3099875,204210
EURO,2020-07-21,3120358,204600
EURO,2020-07-22,3142263,205052
EURO,2020-07-23,3166407,205476
EURO,2020-07-24,3190980,205887
EURO,2020-07-25,3214708,206304
EURO,2020-07-26,3238039,206584
EURO,2020-07-27,3257244,206848
EURO,2020-07-28,3278575,207429
EURO,2020-07-29,3300924,207844
EURO,2020-07-30,3326794,208246
EURO,2020-07-31,3352949,208654
EURO,2020-08-01,3383771,209040
EURO,2020-08-02,3407601,209623
EURO,2020-08-03,3427830,209917
EURO,2020-08-04,3452042,210289
EURO,2020-08-05,3477523,210701
EURO,2020-08-06,3506363,211091
EURO,2020-08-07,3535078,211488
EURO,2020-08-08,3565036,211891
EURO,2020-08-09,3590865,212528
EURO,2020-08-10,3611290,212819
EURO,2020-08-11,3638091,213198
EURO,2020-08-12,3664700,213604
EURO,2020-08-13,3696115,213995
EURO,2020-08-14,3728363,214407
EURO,2020-08-15,3761548,214809
EURO,2020-08-16,3793258,215476
EURO,2020-08-17,3817932,215743
EURO,2020-08-18,3840244,216125
EURO,2020-08-19,3868741,216501
EURO,2020-08-20,3904026,216916
EURO,2020-08-21,3940482,217282
EURO,2020-08-22,3977781,217698
EURO,2020-08-23,4012361,218180
EURO,2020-08-24,4040948,218461
EURO,2020-08-25,4066782,218869
EURO,2020-08-26,4097529,219331
EURO,2020-08-27,4136594,219768
EURO,2020-08-28,4176371,220202
EURO,2020-08-29,4218684,220621
EURO,2020-08-30,4257651,221084
EURO,2020-08-31,4289246,221398
EURO,2020-09-01,4316904,221852
EURO,2020-09-02,4351156,222357
EURO,2020-09-03,4393613,222846
EURO,2020-09-04,4438715,223333
EURO,2020-09-05,4486340,223783
EURO,2020-09-06,4533103,224270
EURO,2020-09-07,4571126,224607
EURO,2020-09-08,4606463,225096
EURO,2020-09-09,4647733,225649
EURO,2020-09-10,4699534,226171
EURO,2020-09-11,4754895,226673
EURO,2020-09-12,4812898,227248
EURO,2020-09-13,4868642,227740
EURO,2020-09-14,4911809,228142
EURO,2020-09-15,4954505,228731
EURO,2020-09-16,5006710,229407
EURO,2020-09-17,5070425,230060
EURO,2020-09-18,5136000,230711
EURO,2020-09-19,5205357,231479
EURO,2020-09-20,5274301,232062
EURO,2020-09-21,5326532,232538
EURO,2020-09-22,5373973,233185
EURO,2020-09-23,5431307,233924
EURO,2020-09-24,5504857,234671
EURO,2020-09-25,5583813,235379
EURO,2020-09-26,5665453,236256
EURO,2020-09-27,5741110,236994
EURO,2020-09-28,5802068,237522
EURO,2020-09-29,5852888,238245
EURO,2020-09-30,5913354,239141
EURO,2020-10-01,5990632,239984
EURO,2020-10-02,6080442,240853
EURO,2020-10-03,6166451,241799
EURO,2020-10-04,6260598,242548
EURO,2020-10-05,6340980,243098
EURO,2020-10-06,6421198,244022
EURO,2020-10-07,6513514,245066
EURO,2020-10-08,6626209,246153
EURO,2020-10-09,6748294,247161
EURO,2020-10-10,6877613,248227
EURO,2020-10-11,7005744,249272
EURO,2020-10-12,7103004,250102
EURO,2020-10-13,7206986,251191
EURO,2020-10-14,7330882,252506
EURO,2020-10-15,7483797,253911
EURO,2020-10-16,7655686,255300
EURO,2020-10-17,7826694,256807
EURO,2020-10-18,7994774,258117
EURO,2020-10-19,8140765,259224
EURO,2020-10-20,8288914,260699
EURO,2020-10-21,8467932,262682
EURO,2020-10-22,8685746,264550
EURO,2020-10-23,8921949,266483
EURO,2020-10-24,9171441,268642
EURO,2020-10-25,9407606,270581
EURO,2020-10-26,9619258,272216
EURO,2020-10-27,9829548,274292
EURO,2020-10-28,10077918,277257
EURO,2020-10-29,10346569,280005
EURO,2020-10-30,10636961,282822
EURO,2020-10-31,10940265,285976
EURO,2020-11-01,11205487,288770
EURO,2020-11-02,11449158,291058
EURO,2020-11-03,11690340,293947
EURO,2020-11-04,11947613,298173
EURO,2020-11-05,12251111,302062
EURO,2020-11-06,12578328,306011
EURO,2020-11-07,12912729,310482
EURO,2020-11-08,13254547,314131
EURO,2020-11-09,13503513,316916
EURO,2020-11-10,13720349,320626
EURO,2020-11-11,13973581,326089
EURO,2020-11-12,14262599,330844
EURO,2020-11-13,14574130,335395
EURO,2020-11-14,14869962,340338
EURO,2020-11-15,15149540,344515
EURO,2020-11-16,15383857,347907
EURO,2020-11-17,15595175,352046
EURO,2020-11-18,15861153,357979
EURO,2020-11-19,16137969,363298
EURO,2020-11-20,16422551,368389
EURO,2020-11-21,16703693,374337
EURO,2020-11-22,16958228,378689
EURO,2020-11-23,17163947,382135
EURO,2020-11-24,17348766,386881
EURO,2020-11-25,17579961,393246
EURO,2020-11-26,17830653,398866
EURO,2020-11-27,18112307,404381
EURO,2020-11-28,18386255,410681
EURO,2020-11-29,18635992,415403
EURO,2020-11-30,18839043,419064
EURO,2020-12-01,19029952,423711
EURO,2020-12-02,19251586,429871
EURO,2020-12-03,19512164,435590
EURO,2020-12-04,19780665,441344
EURO,2020-12-05,20049087,447271
EURO,2020-12-06,20299370,451877
EURO,2020-12-07,20508107,455526
EURO,2020-12-08,20697161,459906
EURO,2020-12-09,20931605,465916
EURO,2020-12-10,21188481,471124
EURO,2020-12-11,21466409,476894
EURO,2020-12-12,21745352,482708
EURO,2020-12-13,21998325,487605
EURO,2020-12-14,22209264,491086
EURO,2020-12-15,22407684,495900
EURO,2020-12-16,22658250,502792
EURO,2020-12-17,22938014,508656
EURO,2020-12-18,23236113,514379
EURO,2020-12-19,23513978,520452
EURO,2020-12-20,23761135,524919
EURO,2020-12-21,23971978,528437
EURO,2020-12-22,24178900,533255
EURO,2020-12-23,24431636,539842
EURO,2020-12-24,24716551,545692
EURO,2020-12-25,24988643,550256
EURO,2020-12-26,25207904,554095
EURO,2020-12-27,25375724,557417
EURO,2020-12-28,25539038,560941
EURO,2020-12-29,25729941,565967
EURO,2020-12-30,25995578,572894
EURO,2020-12-31,26309491,579062
EURO,2021-01-01,26611366,584549
EURO,2021-01-02,26844422,588244
EURO,2021-01-03,27031946,591828
EURO,2021-01-04,27226814,595227
EURO,2021-01-05,27446316,600152
EURO,2021-01-06,27740945,606699
EURO,2021-01-07,28069762,612458
EURO,2021-01-08,28352679,618198
EURO,2021-01-09,28655998,624664
EURO,2021-01-10,28927167,629191
EURO,2021-01-11,29148356,632616
EURO,2021-01-12,29340884,637961
EURO,2021-01-13,29594565,644444
EURO,2021-01-14,29876159,650983
EURO,2021-01-15,30149063,656978
EURO,2021-01-16,30416239,663136
EURO,2021-01-17,30652206,667944
EURO,2021-01-18,30832242,671319
EURO,2021-01-19,30995647,676397
EURO,2021-01-20,31216299,683587
EURO,2021-01-21,31459652,690248
EURO,2021-01-22,31673097,695985
EURO,2021-01-23,31866489,701874
EURO,2021-01-24,32032536,706238
SEARO,2020-01-03,0,0
SEARO,2020-01-04,0,0
SEARO,2020-01-05,0,0
SEARO,2020-01-06,0,0
SEARO,2020-01-07,0,0
SEARO,2020-01-08,0,0
SEARO,2020-01-09,0,0
SEARO,2020-01-10,0,0
SEARO,2020-01-11,0,0
SEARO,2020-01-12,0,0
SEARO,2020-01-13,5,0
SEARO,2020-01-14,5,0
SEARO,2020-01-15,5,0
SEARO,2020-01-16,5,0
SEARO,2020-01-17,6,0
SEARO,2020-01-18,6,0
SEARO,2020-01-19,6,0
SEARO,2020-01-20,6,0
SEARO,2020-01-21,6,0
SEARO,2020-01-22,8,0
SEARO,2020-01-23,13,0
SEARO,2020-01-24,13,0
SEARO,2020-01-25,13,0
SEARO,2020-01-26,14,0
SEARO,2020-01-27,22,0
SEARO,2020-01-28,28,0
SEARO,2020-01-29,28,0
SEARO,2020-01-30,33,0
SEARO,2020-01-31,38,0
SEARO,2020-02-01,38,0
SEARO,2020-02-02,39,0
SEARO,2020-02-03,40,0
SEARO,2020-02-04,46,0
SEARO,2020-02-05,46,0
SEARO,2020-02-06,46,0
SEARO,2020-02-07,46,0
SEARO,2020-02-08,53,0
SEARO,2020-02-09,53,0
SEARO,2020-02-10,53,0
SEARO,2020-02-11,54,0
SEARO,2020-02-12,54,0
SEARO,2020-02-13,54,0
SEARO,2020-02-14,54,0
SEARO,2020-02-15,55,0
SEARO,2020-02-16,55,0
SEARO,2020-02-17,56,0
SEARO,2020-02-18,56,0
SEARO,2020-02-19,56,0
SEARO,2020-02-20,56,0
SEARO,2020-02-21,56,0
SEARO,2020-02-22,56,0
SEARO,2020-02-23,56,0
SEARO,2020-02-24,56,0
SEARO,2020-02-25,58,0
SEARO,2020-02-26,61,0
SEARO,2020-02-27,61,0
SEARO,2020-02-28,62,0
SEARO,2020-02-29,63,0
SEARO,2020-03-01,63,1
SEARO,2020-03-02,72,1
SEARO,2020-03-03,72,1
SEARO,2020-03-04,94,1
SEARO,2020-03-05,99,1
SEARO,2020-03-06,106,1
SEARO,2020-03-07,117,1
SEARO,2020-03-08,133,1
SEARO,2020-03-09,138,1
SEARO,2020-03-10,162,1
SEARO,2020-03-11,189,2
SEARO,2020-03-12,222,2
SEARO,2020-03-13,269,6
SEARO,2020-03-14,276,7
SEARO,2020-03-15,395,7
SEARO,2020-03-16,503,8
SEARO,2020-03-17,566,9
SEARO,2020-03-18,685,23
SEARO,2020-03-19,926,31
SEARO,2020-03-20,987,38
SEARO,2020-03-21,1265,45
SEARO,2020-03-22,1575,56
SEARO,2020-03-23,1880,61
SEARO,2020-03-24,2085,66
SEARO,2020-03-25,2496,76
SEARO,2020-03-26,2760,100
SEARO,2020-03-27,3089,114
SEARO,2020-03-28,3089,114
SEARO,2020-03-29,3848,152
SEARO,2020-03-30,4215,166
SEARO,2020-03-31,4642,185
SEARO,2020-04-01,5324,216
SEARO,2020-04-02,5880,245
SEARO,2020-04-03,6528,267
SEARO,2020-04-04,7341,293
SEARO,2020-04-05,8125,312
SEARO,2020-04-06,9132,362
SEARO,2020-04-07,9817,386
SEARO,2020-04-08,11059,448
SEARO,2020-04-09,12156,512
SEARO,2020-04-10,13072,575
SEARO,2020-04-11,14549,641
SEARO,2020-04-12,16045,728
SEARO,2020-04-13,17385,797
SEARO,2020-04-14,19154,896
SEARO,2020-04-15,20804,950
SEARO,2020-04-16,22525,1027
SEARO,2020-04-17,24238,1090
SEARO,2020-04-18,25928,1158
SEARO,2020-04-19,27975,1239
SEARO,2020-04-20,30265,1293
SEARO,2020-04-21,32496,1376
SEARO,2020-04-22,34587,1456
SEARO,2020-04-23,36819,1517
SEARO,2020-04-24,39533,1600
SEARO,2020-04-25,41799,1698
SEARO,2020-04-26,44592,1775
SEARO,2020-04-27,46798,1853
SEARO,2020-04-28,49408,1928
SEARO,2020-04-29,52266,2020
SEARO,2020-04-30,55072,2101
SEARO,2020-05-01,58166,2185
SEARO,2020-05-02,61357,2292
SEARO,2020-05-03,65071,2391
SEARO,2020-05-04,68756,2487
SEARO,2020-05-05,74007,2692
SEARO,2020-05-06,78217,2847
SEARO,2020-05-07,82852,2971
SEARO,2020-05-08,87369,3108
SEARO,2020-05-09,91977,3228
SEARO,2020-05-10,96588,3384
SEARO,2020-05-11,102155,3510
SEARO,2020-05-12,107354,3624
SEARO,2020-05-13,112813,3786
SEARO,2020-05-14,118243,3950
SEARO,2020-05-15,123984,4098
SEARO,2020-05-16,129520,4231
SEARO,2020-05-17,135036,4411
SEARO,2020-05-18,143750,4646
SEARO,2020-05-19,150590,4831
SEARO,2020-05-20,158589,5008
SEARO,2020-05-21,167028,5199
SEARO,2020-05-22,175521,5419
SEARO,2020-05-23,185153,5601
SEARO,2020-05-24,194072,5797
SEARO,2020-05-25,203733,5993
SEARO,2020-05-26,212043,6188
SEARO,2020-05-27,220989,6436
SEARO,2020-05-28,230517,6669
SEARO,2020-05-29,241461,6892
SEARO,2020-05-30,252102,7238
SEARO,2020-05-31,264015,7513
SEARO,2020-06-01,272512,7743
SEARO,2020-06-02,283845,8000
SEARO,2020-06-03,296620,8277
SEARO,2020-06-04,309597,8610
SEARO,2020-06-05,322863,8942
SEARO,2020-06-06,336577,9316
SEARO,2020-06-07,350542,9672
SEARO,2020-06-08,364196,9970
SEARO,2020-06-09,378118,10376
SEARO,2020-06-10,392674,10741
SEARO,2020-06-11,407414,11171
SEARO,2020-06-12,422825,11645
SEARO,2020-06-13,439348,12126
SEARO,2020-06-14,455439,12526
SEARO,2020-06-15,471392,12927
SEARO,2020-06-16,486673,13409
SEARO,2020-06-17,503034,15498
SEARO,2020-06-18,521582,15921
SEARO,2020-06-19,541041,16360
SEARO,2020-06-20,560285,16814
SEARO,2020-06-21,580533,17213
SEARO,2020-06-22,600191,17734
SEARO,2020-06-23,620115,18119
SEARO,2020-06-24,641148,18663
SEARO,2020-06-25,663308,19156
SEARO,2020-06-26,686192,19651
SEARO,2020-06-27,710455,20139
SEARO,2020-06-28,735854,20621
SEARO,2020-06-29,760816,21078
SEARO,2020-06-30,784931,21593
SEARO,2020-07-01,808906,22235
SEARO,2020-07-02,833735,22769
SEARO,2020-07-03,860785,23240
SEARO,2020-07-04,888732,23774
SEARO,2020-07-05,918591,24473
SEARO,2020-07-06,947519,25036
SEARO,2020-07-07,974389,25619
SEARO,2020-07-08,1001655,26224
SEARO,2020-07-09,1032167,26808
SEARO,2020-07-10,1065093,27382
SEARO,2020-07-11,1097074,27990
SEARO,2020-07-12,1130247,28640
SEARO,2020-07-13,1163556,29258
SEARO,2020-07-14,1196651,29900
SEARO,2020-07-15,1231014,30570
SEARO,2020-07-16,1268923,31297
SEARO,2020-07-17,1308441,32100
SEARO,2020-07-18,1347954,32907
SEARO,2020-07-19,1391407,33543
SEARO,2020-07-20,1436141,34388
SEARO,2020-07-21,1478141,35121
SEARO,2020-07-22,1520780,35891
SEARO,2020-07-23,1571317,37203
SEARO,2020-07-24,1625564,38111
SEARO,2020-07-25,1678994,38993
SEARO,2020-07-26,1732248,39786
SEARO,2020-07-27,1786145,40615
SEARO,2020-07-28,1838380,41366
SEARO,2020-07-29,1892056,42233
SEARO,2020-07-30,1949850,43117
SEARO,2020-07-31,2009963,44031
SEARO,2020-08-01,2072194,44900
SEARO,2020-08-02,2131165,45837
SEARO,2020-08-03,2187015,46675
SEARO,2020-08-04,2242656,47574
SEARO,2020-08-05,2299433,48569
SEARO,2020-08-06,2360721,49572
SEARO,2020-08-07,2428584,50571
SEARO,2020-08-08,2496001,51608
SEARO,2020-08-09,2565800,52569
SEARO,2020-08-10,2632773,53677
SEARO,2020-08-11,2691452,54633
SEARO,2020-08-12,2757822,55564
SEARO,2020-08-13,2830404,56636
SEARO,2020-08-14,2900347,57756
SEARO,2020-08-15,2971104,58844
SEARO,2020-08-16,3040168,59875
SEARO,2020-08-17,3103018,60929
SEARO,2020-08-18,3163233,61903
SEARO,2020-08-19,3233831,63119
SEARO,2020-08-20,3308987,64212
SEARO,2020-08-21,3383904,65314
SEARO,2020-08-22,3459439,66392
SEARO,2020-08-23,3533807,67455
SEARO,2020-08-24,3602066,68493
SEARO,2020-08-25,3666425,69392
SEARO,2020-08-26,3739605,70603
SEARO,2020-08-27,3821367,71777
SEARO,2020-08-28,3905060,73007
SEARO,2020-08-29,3987855,74192
SEARO,2020-08-30,4073148,75276
SEARO,2020-08-31,4157798,76385
SEARO,2020-09-01,4233827,77318
SEARO,2020-09-02,4318281,78498
SEARO,2020-09-03,4409210,79699
SEARO,2020-09-04,4499788,80968
SEARO,2020-09-05,4592952,82182
SEARO,2020-09-06,4689943,83400
SEARO,2020-09-07,4787009,84542
SEARO,2020-09-08,4869112,85828
SEARO,2020-09-09,4964948,87089
SEARO,2020-09-10,5067207,88418
SEARO,2020-09-11,5171098,89793
SEARO,2020-09-12,5275943,91121
SEARO,2020-09-13,5377062,92391
SEARO,2020-09-14,5475657,93649
SEARO,2020-09-15,5565977,94871
SEARO,2020-09-16,5663231,96347
SEARO,2020-09-17,5768599,97650
SEARO,2020-09-18,5871987,99001
SEARO,2020-09-19,5973186,100406
SEARO,2020-09-20,6073462,101700
SEARO,2020-09-21,6167904,102984
SEARO,2020-09-22,6250751,104224
SEARO,2020-09-23,6341635,105515
SEARO,2020-09-24,6436394,106842
SEARO,2020-09-25,6530873,108181
SEARO,2020-09-26,6624441,109429
SEARO,2020-09-27,6720771,110711
SEARO,2020-09-28,6810494,111898
SEARO,2020-09-29,6888331,112827
SEARO,2020-09-30,6976654,114198
SEARO,2020-10-01,7071811,115583
SEARO,2020-10-02,7161969,116837
SEARO,2020-10-03,7251081,118098
SEARO,2020-10-04,7335273,119167
SEARO,2020-10-05,7418537,120237
SEARO,2020-10-06,7488605,121301
SEARO,2020-10-07,7569601,122474
SEARO,2020-10-08,7659275,123632
SEARO,2020-10-09,7741559,124761
SEARO,2020-10-10,7823832,125842
SEARO,2020-10-11,7911036,126917
SEARO,2020-10-12,7987606,127907
SEARO,2020-10-13,8053218,128762
SEARO,2020-10-14,8127106,129653
SEARO,2020-10-15,8204366,130529
SEARO,2020-10-16,8278654,131603
SEARO,2020-10-17,8352384,132589
SEARO,2020-10-18,8424480,133781
SEARO,2020-10-19,8489775,134509
SEARO,2020-10-20,8546666,135275
SEARO,2020-10-21,8610317,136166
SEARO,2020-10-22,8679128,137068
SEARO,2020-10-23,8744934,137939
SEARO,2020-10-24,8811018,138771
SEARO,2020-10-25,8870366,139537
SEARO,2020-10-26,8924840,140169
SEARO,2020-10-27,8969707,140827
SEARO,2020-10-28,9020999,141498
SEARO,2020-10-29,9080126,142174
SEARO,2020-10-30,9138338,142895
SEARO,2020-10-31,9196384,143582
SEARO,2020-11-01,9251788,144194
SEARO,2020-11-02,9305253,144827
SEARO,2020-11-03,9352375,145491
SEARO,2020-11-04,9408048,146171
SEARO,2020-11-05,9468051,147063
SEARO,2020-11-06,9529882,147979
SEARO,2020-11-07,9586409,148615
SEARO,2020-11-08,9641945,149326
SEARO,2020-11-09,9697585,149955
SEARO,2020-11-10,9743751,150538
SEARO,2020-11-11,9797966,151191
SEARO,2020-11-12,9855189,151880
SEARO,2020-11-13,9908674,152557
SEARO,2020-11-14,9964225,153243
SEARO,2020-11-15,10015731,153860
SEARO,2020-11-16,10057114,154434
SEARO,2020-11-17,10094817,155024
SEARO,2020-11-18,10141969,155683
SEARO,2020-11-19,10197319,156439
SEARO,2020-11-20,10254537,157197
SEARO,2020-11-21,10311856,157898
SEARO,2020-11-22,10367553,158566
SEARO,2020-11-23,10421539,159263
SEARO,2020-11-24,10470107,159934
SEARO,2020-11-25,10524941,160603
SEARO,2020-11-26,10580960,161336
SEARO,2020-11-27,10635120,162054
SEARO,2020-11-28,10688202,162778
SEARO,2020-11-29,10738733,163454
SEARO,2020-11-30,10788704,164144
SEARO,2020-12-01,10830495,164858
SEARO,2020-12-02,10878115,165577
SEARO,2020-12-03,10925282,166301
SEARO,2020-12-04,10975368,167071
SEARO,2020-12-05,11023450,167782
SEARO,2020-12-06,11071129,168458
SEARO,2020-12-07,11114545,169070
SEARO,2020-12-08,11151858,169670
SEARO,2020-12-09,11195661,170284
SEARO,2020-12-10,11237814,170924
SEARO,2020-12-11,11279038,171579
SEARO,2020-12-12,11319634,172254
SEARO,2020-12-13,11361437,172858
SEARO,2020-12-14,11398927,173429
SEARO,2020-12-15,11430955,174000
SEARO,2020-12-16,11468106,174620
SEARO,2020-12-17,11502390,175179
SEARO,2020-12-18,11537081,175734
SEARO,2020-12-19,11572247,176277
SEARO,2020-12-20,11610444,176826
SEARO,2020-12-21,11646321,177466
SEARO,2020-12-22,11676286,178030
SEARO,2020-12-23,11710770,178584
SEARO,2020-12-24,11746770,179102
SEARO,2020-12-25,11779854,179666
SEARO,2020-12-26,11813360,180231
SEARO,2020-12-27,11842422,180737
SEARO,2020-12-28,11871954,181315
SEARO,2020-12-29,11897343,181837
SEARO,2020-12-30,11928810,182431
SEARO,2020-12-31,11961922,183032
SEARO,2021-01-01,11993294,183542
SEARO,2021-01-02,12023186,183999
SEARO,2021-01-03,12051014,184493
SEARO,2021-01-04,12077882,184941
SEARO,2021-01-05,12103952,185368
SEARO,2021-01-06,12132536,185883
SEARO,2021-01-07,12164604,186337
SEARO,2021-01-08,12194847,186845
SEARO,2021-01-09,12208095,187117
SEARO,2021-01-10,12257684,187786
SEARO,2021-01-11,12286356,188182
SEARO,2021-01-12,12310469,188607
SEARO,2021-01-13,12338995,189164
SEARO,2021-01-14,12370101,189716
SEARO,2021-01-15,12399976,190238
SEARO,2021-01-16,12430476,190688
SEARO,2021-01-17,12462338,191196
SEARO,2021-01-18,12489866,191610
SEARO,2021-01-19,12511441,192088
SEARO,2021-01-20,12537911,192599
SEARO,2021-01-21,12568148,193043
SEARO,2021-01-22,12597011,193591
SEARO,2021-01-23,12627306,194036
SEARO,2021-01-24,12656504,194449
WPRO,2020-01-03,0,0
WPRO,2020-01-04,1,0
WPRO,2020-01-05,1,0
WPRO,2020-01-06,4,0
WPRO,2020-01-07,4,0
WPRO,2020-01-08,4,0
WPRO,2020-01-09,4,0
WPRO,2020-01-10,4,0
WPRO,2020-01-11,45,1
WPRO,2020-01-12,45,1
WPRO,2020-01-13,45,1
WPRO,2020-01-14,46,1
WPRO,2020-01-15,46,1
WPRO,2020-01-16,46,1
WPRO,2020-01-17,50,2
WPRO,2020-01-18,67,2
WPRO,2020-01-19,131,3
WPRO,2020-01-20,208,4
WPRO,2020-01-21,301,6
WPRO,2020-01-22,453,9
WPRO,2020-01-23,589,17
WPRO,2020-01-24,860,25
WPRO,2020-01-25,1337,41
WPRO,2020-01-26,2030,56
WPRO,2020-01-27,2814,80
WPRO,2020-01-28,4592,106
WPRO,2020-01-29,6062,132
WPRO,2020-01-30,7825,170
WPRO,2020-01-31,9824,213
WPRO,2020-02-01,11936,259
WPRO,2020-02-02,14530,305
WPRO,2020-02-03,17358,362
WPRO,2020-02-04,20607,426
WPRO,2020-02-05,24510,492
WPRO,2020-02-06,28219,565
WPRO,2020-02-07,31375,638
WPRO,2020-02-08,34771,724
WPRO,2020-02-09,37433,813
WPRO,2020-02-10,40421,910
WPRO,2020-02-11,42899,1018
WPRO,2020-02-12,44925,1115
WPRO,2020-02-13,60091,1370
WPRO,2020-02-14,64158,1383
WPRO,2020-02-15,66822,1526
WPRO,2020-02-16,68840,1668
WPRO,2020-02-17,70900,1774
WPRO,2020-02-18,72805,1872
WPRO,2020-02-19,74580,2008
WPRO,2020-02-20,75050,2124
WPRO,2020-02-21,76057,2242
WPRO,2020-02-22,77145,2352
WPRO,2020-02-23,77976,2449
WPRO,2020-02-24,78441,2604
WPRO,2020-02-25,79105,2678
WPRO,2020-02-26,79831,2734
WPRO,2020-02-27,80782,2765
WPRO,2020-02-28,81712,2810
WPRO,2020-02-29,82990,2861
WPRO,2020-03-01,84161,2899
WPRO,2020-03-02,84885,2945
WPRO,2020-03-03,85639,2982
WPRO,2020-03-04,86278,3024
WPRO,2020-03-05,86952,3058
WPRO,2020-03-06,87686,3096
WPRO,2020-03-07,88361,3126
WPRO,2020-03-08,88855,3160
WPRO,2020-03-09,89271,3187
WPRO,2020-03-10,89448,3207
WPRO,2020-03-11,89860,3238
WPRO,2020-03-12,90199,3259
WPRO,2020-03-13,90326,3271
WPRO,2020-03-14,90693,3293
WPRO,2020-03-15,91054,3318
WPRO,2020-03-16,91580,3334
WPRO,2020-03-17,91896,3357
WPRO,2020-03-18,92384,3377
WPRO,2020-03-19,93326,3402
WPRO,2020-03-20,94037,3428
WPRO,2020-03-21,94787,3438
WPRO,2020-03-22,94878,3450
WPRO,2020-03-23,95979,3482
WPRO,2020-03-24,97076,3504
WPRO,2020-03-25,98217,3521
WPRO,2020-03-26,99137,3549
WPRO,2020-03-27,100033,3567
WPRO,2020-03-28,101715,3606
WPRO,2020-03-29,102788,3626
WPRO,2020-03-30,104200,3658
WPRO,2020-03-31,105067,3672
WPRO,2020-04-01,106820,3709
WPRO,2020-04-02,107625,3723
WPRO,2020-04-03,109056,3763
WPRO,2020-04-04,110377,3809
WPRO,2020-04-05,111396,3838
WPRO,2020-04-06,112576,3864
WPRO,2020-04-07,113642,3892
WPRO,2020-04-08,114790,3927
WPRO,2020-04-09,116058,3965
WPRO,2020-04-10,117248,3978
WPRO,2020-04-11,118847,4045
WPRO,2020-04-12,120365,4110
WPRO,2020-04-13,121710,4143
WPRO,2020-04-14,123108,4181
WPRO,2020-04-15,124205,4201
WPRO,2020-04-16,125777,4252
WPRO,2020-04-17,127593,5558
WPRO,2020-04-18,129254,5598
WPRO,2020-04-19,131155,5622
WPRO,2020-04-20,132441,5648
WPRO,2020-04-21,134511,5685
WPRO,2020-04-22,136272,5793
WPRO,2020-04-23,137912,5819
WPRO,2020-04-24,139785,5869
WPRO,2020-04-25,141469,5906
WPRO,2020-04-26,142639,5943
WPRO,2020-04-27,144122,5958
WPRO,2020-04-28,145387,5998
WPRO,2020-04-29,146450,6037
WPRO,2020-04-30,147743,6094
WPRO,2020-05-01,148838,6127
WPRO,2020-05-02,150406,6166
WPRO,2020-05-03,151443,6229
WPRO,2020-05-04,152774,6258
WPRO,2020-05-05,153869,6287
WPRO,2020-05-06,154884,6327
WPRO,2020-05-07,156201,6361
WPRO,2020-05-08,157448,6394
WPRO,2020-05-09,158544,6448
WPRO,2020-05-10,159662,6470
WPRO,2020-05-11,160910,6493
WPRO,2020-05-12,161872,6527
WPRO,2020-05-13,163201,6578
WPRO,2020-05-14,164282,6622
WPRO,2020-05-15,165550,6664
WPRO,2020-05-16,166977,6708
WPRO,2020-05-17,167755,6737
WPRO,2020-05-18,168724,6750
WPRO,2020-05-19,169178,6765
WPRO,2020-05-20,169955,6780
WPRO,2020-05-21,171123,6797
WPRO,2020-05-22,171912,6828
WPRO,2020-05-23,172667,6844
WPRO,2020-05-24,173592,6863
WPRO,2020-05-25,174519,6879
WPRO,2020-05-26,175397,6902
WPRO,2020-05-27,176411,6927
WPRO,2020-05-28,177473,6957
WPRO,2020-05-29,178520,6981
WPRO,2020-05-30,180446,7014
WPRO,2020-05-31,182527,7035
WPRO,2020-06-01,183198,7037
WPRO,2020-06-02,184305,7044
WPRO,2020-06-03,185358,7057
WPRO,2020-06-04,186853,7067
WPRO,2020-06-05,188393,7081
WPRO,2020-06-06,189030,7092
WPRO,2020-06-07,190236,7103
WPRO,2020-06-08,191274,7112
WPRO,2020-06-09,192334,7121
WPRO,2020-06-10,193177,7132
WPRO,2020-06-11,194469,7144
WPRO,2020-06-12,195486,7156
WPRO,2020-06-13,196714,7175
WPRO,2020-06-14,197863,7200
WPRO,2020-06-15,198995,7215
WPRO,2020-06-16,199922,7228
WPRO,2020-06-17,200586,7239
WPRO,2020-06-18,201462,7249
WPRO,2020-06-19,202489,7257
WPRO,2020-06-20,203490,7288
WPRO,2020-06-21,204860,7310
WPRO,2020-06-22,205911,7329
WPRO,2020-06-23,206948,7340
WPRO,2020-06-24,208371,7358
WPRO,2020-06-25,209215,7383
WPRO,2020-06-26,210315,7394
WPRO,2020-06-27,211774,7408
WPRO,2020-06-28,213032,7420
WPRO,2020-06-29,214106,7429
WPRO,2020-06-30,215565,7440
WPRO,2020-07-01,217146,7453
WPRO,2020-07-02,218704,7458
WPRO,2020-07-03,219541,7463
WPRO,2020-07-04,221792,7471
WPRO,2020-07-05,223913,7481
WPRO,2020-07-06,226882,7489
WPRO,2020-07-07,229590,7499
WPRO,2020-07-08,231748,7507
WPRO,2020-07-09,234815,7515
WPRO,2020-07-10,236958,7521
WPRO,2020-07-11,239111,7563
WPRO,2020-07-12,241267,7578
WPRO,2020-07-13,244219,7741
WPRO,2020-07-14,245928,7807
WPRO,2020-07-15,247491,7814
WPRO,2020-07-16,249786,7833
WPRO,2020-07-17,253495,7866
WPRO,2020-07-18,256788,7888
WPRO,2020-07-19,260161,8005
WPRO,2020-07-20,263565,8069
WPRO,2020-07-21,266190,8077
WPRO,2020-07-22,269594,8086
WPRO,2020-07-23,272829,8095
WPRO,2020-07-24,276845,8132
WPRO,2020-07-25,280595,8148
WPRO,2020-07-26,284321,8177
WPRO,2020-07-27,288151,8224
WPRO,2020-07-28,291993,8250
WPRO,2020-07-29,295613,8262
WPRO,2020-07-30,299468,8291
WPRO,2020-07-31,306052,8330
WPRO,2020-08-01,312771,8388
WPRO,2020-08-02,319462,8415
WPRO,2020-08-03,327616,8449
WPRO,2020-08-04,332753,8514
WPRO,2020-08-05,341165,8549
WPRO,2020-08-06,347593,8577
WPRO,2020-08-07,353564,8626
WPRO,2020-08-08,359410,8663
WPRO,2020-08-09,365605,8718
WPRO,2020-08-10,370621,8811
WPRO,2020-08-11,378972,8862
WPRO,2020-08-12,383739,8911
WPRO,2020-08-13,389624,9034
WPRO,2020-08-14,395098,9081
WPRO,2020-08-15,403399,9125
WPRO,2020-08-16,409589,9293
WPRO,2020-08-17,414606,9387
WPRO,2020-08-18,419665,9446
WPRO,2020-08-19,425986,9484
WPRO,2020-08-20,432213,9622
WPRO,2020-08-21,438513,9741
WPRO,2020-08-22,444664,9822
WPRO,2020-08-23,451311,9870
WPRO,2020-08-24,455138,9926
WPRO,2020-08-25,460991,9969
WPRO,2020-08-26,465270,10022
WPRO,2020-08-27,472172,10168
WPRO,2020-08-28,477061,10307
WPRO,2020-08-29,482583,10435
WPRO,2020-08-30,487571,10562
WPRO,2020-08-31,492966,10692
WPRO,2020-09-01,497405,10792
WPRO,2020-09-02,501959,10854
WPRO,2020-09-03,505156,10904
WPRO,2020-09-04,508328,10999
WPRO,2020-09-05,513047,11131
WPRO,2020-09-06,516478,11206
WPRO,2020-09-07,520012,11306
WPRO,2020-09-08,522080,11353
WPRO,2020-09-09,526302,11408
WPRO,2020-09-10,530403,11506
WPRO,2020-09-11,535413,11606
WPRO,2020-09-12,540594,11674
WPRO,2020-09-13,546552,11886
WPRO,2020-09-14,550664,11982
WPRO,2020-09-15,555970,12261
WPRO,2020-09-16,560287,12309
WPRO,2020-09-17,564790,12404
WPRO,2020-09-18,568943,12480
WPRO,2020-09-19,573120,12548
WPRO,2020-09-20,577905,12667
WPRO,2020-09-21,581897,12729
WPRO,2020-09-22,585899,12758
WPRO,2020-09-23,588138,12820
WPRO,2020-09-24,591666,12885
WPRO,2020-09-25,594542,12938
WPRO,2020-09-26,598060,13031
WPRO,2020-09-27,600891,13129
WPRO,2020-09-28,604576,13200
WPRO,2020-09-29,608239,13254
WPRO,2020-09-30,611273,13342
WPRO,2020-10-01,614623,13415
WPRO,2020-10-02,618112,13483
WPRO,2020-10-03,621915,13557
WPRO,2020-10-04,625642,13632
WPRO,2020-10-05,629631,13735
WPRO,2020-10-06,633080,13806
WPRO,2020-10-07,636576,13842
WPRO,2020-10-08,640642,13917
WPRO,2020-10-09,644073,14071
WPRO,2020-10-10,648453,14170
WPRO,2020-10-11,651841,14265
WPRO,2020-10-12,655437,14355
WPRO,2020-10-13,660559,14376
WPRO,2020-10-14,663822,14430
WPRO,2020-10-15,667448,14527
WPRO,2020-10-16,671124,14586
WPRO,2020-10-17,675879,14640
WPRO,2020-10-18,680158,14729
WPRO,2020-10-19,683958,14789
WPRO,2020-10-20,688737,14823
WPRO,2020-10-21,691962,14848
WPRO,2020-10-22,695563,14925
WPRO,2020-10-23,698991,14977
WPRO,2020-10-24,703240,15134
WPRO,2020-10-25,707355,15167
WPRO,2020-10-26,711158,15225
WPRO,2020-10-27,715300,15314
WPRO,2020-10-28,718527,15336
WPRO,2020-10-29,723119,15416
WPRO,2020-10-30,726537,15462
WPRO,2020-10-31,730378,15516
WPRO,2020-11-01,733827,15565
WPRO,2020-11-02,737990,15592
WPRO,2020-11-03,743136,15644
WPRO,2020-11-04,747162,15714
WPRO,2020-11-05,750712,15785
WPRO,2020-11-06,755036,15851
WPRO,2020-11-07,760473,15910
WPRO,2020-11-08,765197,15942
WPRO,2020-11-09,769795,16009
WPRO,2020-11-10,774791,16151
WPRO,2020-11-11,778812,16190
WPRO,2020-11-12,783546,16251
WPRO,2020-11-13,787993,16280
WPRO,2020-11-14,793436,16332
WPRO,2020-11-15,798169,16377
WPRO,2020-11-16,802786,16425
WPRO,2020-11-17,807578,16461
WPRO,2020-11-18,812056,16508
WPRO,2020-11-19,816996,16619
WPRO,2020-11-20,822661,16689
WPRO,2020-11-21,828340,16744
WPRO,2020-11-22,834154,16816
WPRO,2020-11-23,839899,16875
WPRO,2020-11-24,846017,16941
WPRO,2020-11-25,851630,16975
WPRO,2020-11-26,856723,17034
WPRO,2020-11-27,862104,17098
WPRO,2020-11-28,868306,17144
WPRO,2020-11-29,874704,17261
WPRO,2020-11-30,880861,17320
WPRO,2020-12-01,886683,17365
WPRO,2020-12-02,892005,17428
WPRO,2020-12-03,897635,17494
WPRO,2020-12-04,903152,17551
WPRO,2020-12-05,908657,17664
WPRO,2020-12-06,914738,17722
WPRO,2020-12-07,920607,17776
WPRO,2020-12-08,926408,17846
WPRO,2020-12-09,931783,17997
WPRO,2020-12-10,937766,18068
WPRO,2020-12-11,945331,18143
WPRO,2020-12-12,952626,18196
WPRO,2020-12-13,960017,18259
WPRO,2020-12-14,965552,18299
WPRO,2020-12-15,971621,18407
WPRO,2020-12-16,978034,18526
WPRO,2020-12-17,984795,18628
WPRO,2020-12-18,991933,18708
WPRO,2020-12-19,999885,18798
WPRO,2020-12-20,1006678,18895
WPRO,2020-12-21,1013513,18987
WPRO,2020-12-22,1020588,19072
WPRO,2020-12-23,1027756,19206
WPRO,2020-12-24,1034552,19313
WPRO,2020-12-25,1043183,19397
WPRO,2020-12-26,1051114,19478
WPRO,2020-12-27,1059742,19558
WPRO,2020-12-28,1065705,19652
WPRO,2020-12-29,1072303,19774
WPRO,2020-12-30,1079890,19879
WPRO,2020-12-31,1087691,20044
WPRO,2021-01-01,1097139,20131
WPRO,2021-01-02,1105544,20218
WPRO,2021-01-03,1112720,20288
WPRO,2021-01-04,1119433,20373
WPRO,2021-01-05,1127195,20478
WPRO,2021-01-06,1135598,20629
WPRO,2021-01-07,1146432,20751
WPRO,2021-01-08,1158609,20870
WPRO,2021-01-09,1171753,20990
WPRO,2021-01-10,1184651,21120
WPRO,2021-01-11,1195629,21200
WPRO,2021-01-12,1206179,21293
WPRO,2021-01-13,1216995,21507
WPRO,2021-01-14,1227620,21756
WPRO,2021-01-15,1240365,21917
WPRO,2021-01-16,1253189,22147
WPRO,2021-01-17,1266426,22244
WPRO,2021-01-18,1278270,22333
WPRO,2021-01-19,1290490,22420
WPRO,2021-01-20,1301578,22621
WPRO,2021-01-21,1313720,22810
WPRO,2021-01-22,1325088,22996
WPRO,2021-01-23,1336636,23149
WPRO,2021-01-24,1347894,23307
